-- MySQL dump 10.13  Distrib 8.0.36, for Win64 (x86_64)
--
-- Host: localhost    Database: yogisfarm
-- ------------------------------------------------------
-- Server version	8.4.0

/*!40101 SET @OLD_CHARACTER_SET_CLIENT=@@CHARACTER_SET_CLIENT */;
/*!40101 SET @OLD_CHARACTER_SET_RESULTS=@@CHARACTER_SET_RESULTS */;
/*!40101 SET @OLD_COLLATION_CONNECTION=@@COLLATION_CONNECTION */;
/*!50503 SET NAMES utf8 */;
/*!40103 SET @OLD_TIME_ZONE=@@TIME_ZONE */;
/*!40103 SET TIME_ZONE='+00:00' */;
/*!40014 SET @OLD_UNIQUE_CHECKS=@@UNIQUE_CHECKS, UNIQUE_CHECKS=0 */;
/*!40014 SET @OLD_FOREIGN_KEY_CHECKS=@@FOREIGN_KEY_CHECKS, FOREIGN_KEY_CHECKS=0 */;
/*!40101 SET @OLD_SQL_MODE=@@SQL_MODE, SQL_MODE='NO_AUTO_VALUE_ON_ZERO' */;
/*!40111 SET @OLD_SQL_NOTES=@@SQL_NOTES, SQL_NOTES=0 */;

--
-- Table structure for table `addresses`
--

DROP TABLE IF EXISTS `addresses`;
/*!40101 SET @saved_cs_client     = @@character_set_client */;
/*!50503 SET character_set_client = utf8mb4 */;
CREATE TABLE `addresses` (
  `id` int NOT NULL AUTO_INCREMENT,
  `user_id` int NOT NULL,
  `name` varchar(100) COLLATE utf8mb4_unicode_ci NOT NULL,
  `phone` varchar(15) COLLATE utf8mb4_unicode_ci NOT NULL,
  `address` text COLLATE utf8mb4_unicode_ci NOT NULL,
  `city` varchar(100) COLLATE utf8mb4_unicode_ci NOT NULL,
  `state` varchar(100) COLLATE utf8mb4_unicode_ci NOT NULL,
  `pincode` varchar(10) COLLATE utf8mb4_unicode_ci NOT NULL,
  `is_default` tinyint(1) NOT NULL DEFAULT '0',
  `created_at` datetime(3) NOT NULL DEFAULT CURRENT_TIMESTAMP(3),
  `address_type` varchar(20) COLLATE utf8mb4_unicode_ci NOT NULL DEFAULT 'Home',
  PRIMARY KEY (`id`),
  KEY `addresses_user_id_fkey` (`user_id`),
  CONSTRAINT `addresses_user_id_fkey` FOREIGN KEY (`user_id`) REFERENCES `users` (`id`) ON DELETE CASCADE ON UPDATE CASCADE
) ENGINE=InnoDB AUTO_INCREMENT=2 DEFAULT CHARSET=utf8mb4 COLLATE=utf8mb4_unicode_ci;
/*!40101 SET character_set_client = @saved_cs_client */;

--
-- Dumping data for table `addresses`
--

LOCK TABLES `addresses` WRITE;
/*!40000 ALTER TABLE `addresses` DISABLE KEYS */;
INSERT INTO `addresses` VALUES (1,1,'Omkar Joshi','08208081346','domkhel road','wagholi','Maharashtra','412207',1,'2026-04-14 10:40:24.038','Home');
/*!40000 ALTER TABLE `addresses` ENABLE KEYS */;
UNLOCK TABLES;
/*!40103 SET TIME_ZONE=@OLD_TIME_ZONE */;

/*!40101 SET SQL_MODE=@OLD_SQL_MODE */;
/*!40014 SET FOREIGN_KEY_CHECKS=@OLD_FOREIGN_KEY_CHECKS */;
/*!40014 SET UNIQUE_CHECKS=@OLD_UNIQUE_CHECKS */;
/*!40101 SET CHARACTER_SET_CLIENT=@OLD_CHARACTER_SET_CLIENT */;
/*!40101 SET CHARACTER_SET_RESULTS=@OLD_CHARACTER_SET_RESULTS */;
/*!40101 SET COLLATION_CONNECTION=@OLD_COLLATION_CONNECTION */;
/*!40111 SET SQL_NOTES=@OLD_SQL_NOTES */;

-- Dump completed on 2026-04-18 18:22:15
-- MySQL dump 10.13  Distrib 8.0.36, for Win64 (x86_64)
--
-- Host: localhost    Database: yogisfarm
-- ------------------------------------------------------
-- Server version	8.4.0

/*!40101 SET @OLD_CHARACTER_SET_CLIENT=@@CHARACTER_SET_CLIENT */;
/*!40101 SET @OLD_CHARACTER_SET_RESULTS=@@CHARACTER_SET_RESULTS */;
/*!40101 SET @OLD_COLLATION_CONNECTION=@@COLLATION_CONNECTION */;
/*!50503 SET NAMES utf8 */;
/*!40103 SET @OLD_TIME_ZONE=@@TIME_ZONE */;
/*!40103 SET TIME_ZONE='+00:00' */;
/*!40014 SET @OLD_UNIQUE_CHECKS=@@UNIQUE_CHECKS, UNIQUE_CHECKS=0 */;
/*!40014 SET @OLD_FOREIGN_KEY_CHECKS=@@FOREIGN_KEY_CHECKS, FOREIGN_KEY_CHECKS=0 */;
/*!40101 SET @OLD_SQL_MODE=@@SQL_MODE, SQL_MODE='NO_AUTO_VALUE_ON_ZERO' */;
/*!40111 SET @OLD_SQL_NOTES=@@SQL_NOTES, SQL_NOTES=0 */;

--
-- Table structure for table `admins`
--

DROP TABLE IF EXISTS `admins`;
/*!40101 SET @saved_cs_client     = @@character_set_client */;
/*!50503 SET character_set_client = utf8mb4 */;
CREATE TABLE `admins` (
  `id` int NOT NULL AUTO_INCREMENT,
  `name` varchar(100) COLLATE utf8mb4_unicode_ci NOT NULL,
  `email` varchar(150) COLLATE utf8mb4_unicode_ci NOT NULL,
  `password` varchar(255) COLLATE utf8mb4_unicode_ci NOT NULL,
  `role` varchar(20) COLLATE utf8mb4_unicode_ci NOT NULL DEFAULT 'admin',
  `created_at` datetime(3) NOT NULL DEFAULT CURRENT_TIMESTAMP(3),
  `updated_at` datetime(3) NOT NULL,
  PRIMARY KEY (`id`),
  UNIQUE KEY `admins_email_key` (`email`)
) ENGINE=InnoDB AUTO_INCREMENT=2 DEFAULT CHARSET=utf8mb4 COLLATE=utf8mb4_unicode_ci;
/*!40101 SET character_set_client = @saved_cs_client */;

--
-- Dumping data for table `admins`
--

LOCK TABLES `admins` WRITE;
/*!40000 ALTER TABLE `admins` DISABLE KEYS */;
INSERT INTO `admins` VALUES (1,'Yogis Farm','admin@yogisfarm.in','$2a$10$8Vtup/COdZ0CCpm/ppJyuutbSTLZtwqmQY241qyShXkmpnJcUbh0e','superadmin','2026-04-09 13:00:38.845','2026-04-09 13:00:38.845');
/*!40000 ALTER TABLE `admins` ENABLE KEYS */;
UNLOCK TABLES;
/*!40103 SET TIME_ZONE=@OLD_TIME_ZONE */;

/*!40101 SET SQL_MODE=@OLD_SQL_MODE */;
/*!40014 SET FOREIGN_KEY_CHECKS=@OLD_FOREIGN_KEY_CHECKS */;
/*!40014 SET UNIQUE_CHECKS=@OLD_UNIQUE_CHECKS */;
/*!40101 SET CHARACTER_SET_CLIENT=@OLD_CHARACTER_SET_CLIENT */;
/*!40101 SET CHARACTER_SET_RESULTS=@OLD_CHARACTER_SET_RESULTS */;
/*!40101 SET COLLATION_CONNECTION=@OLD_COLLATION_CONNECTION */;
/*!40111 SET SQL_NOTES=@OLD_SQL_NOTES */;

-- Dump completed on 2026-04-18 18:22:13
-- MySQL dump 10.13  Distrib 8.0.36, for Win64 (x86_64)
--
-- Host: localhost    Database: yogisfarm
-- ------------------------------------------------------
-- Server version	8.4.0

/*!40101 SET @OLD_CHARACTER_SET_CLIENT=@@CHARACTER_SET_CLIENT */;
/*!40101 SET @OLD_CHARACTER_SET_RESULTS=@@CHARACTER_SET_RESULTS */;
/*!40101 SET @OLD_COLLATION_CONNECTION=@@COLLATION_CONNECTION */;
/*!50503 SET NAMES utf8 */;
/*!40103 SET @OLD_TIME_ZONE=@@TIME_ZONE */;
/*!40103 SET TIME_ZONE='+00:00' */;
/*!40014 SET @OLD_UNIQUE_CHECKS=@@UNIQUE_CHECKS, UNIQUE_CHECKS=0 */;
/*!40014 SET @OLD_FOREIGN_KEY_CHECKS=@@FOREIGN_KEY_CHECKS, FOREIGN_KEY_CHECKS=0 */;
/*!40101 SET @OLD_SQL_MODE=@@SQL_MODE, SQL_MODE='NO_AUTO_VALUE_ON_ZERO' */;
/*!40111 SET @OLD_SQL_NOTES=@@SQL_NOTES, SQL_NOTES=0 */;

--
-- Table structure for table `brands`
--

DROP TABLE IF EXISTS `brands`;
/*!40101 SET @saved_cs_client     = @@character_set_client */;
/*!50503 SET character_set_client = utf8mb4 */;
CREATE TABLE `brands` (
  `id` int NOT NULL AUTO_INCREMENT,
  `name` varchar(100) COLLATE utf8mb4_unicode_ci NOT NULL,
  `slug` varchar(120) COLLATE utf8mb4_unicode_ci NOT NULL,
  `image` varchar(500) COLLATE utf8mb4_unicode_ci DEFAULT NULL,
  `show_home` tinyint(1) NOT NULL DEFAULT '0',
  `status` varchar(20) COLLATE utf8mb4_unicode_ci NOT NULL DEFAULT 'active',
  `sort_order` int NOT NULL DEFAULT '0',
  `created_at` datetime(3) NOT NULL DEFAULT CURRENT_TIMESTAMP(3),
  `updated_at` datetime(3) NOT NULL,
  PRIMARY KEY (`id`),
  UNIQUE KEY `brands_slug_key` (`slug`)
) ENGINE=InnoDB AUTO_INCREMENT=6 DEFAULT CHARSET=utf8mb4 COLLATE=utf8mb4_unicode_ci;
/*!40101 SET character_set_client = @saved_cs_client */;

--
-- Dumping data for table `brands`
--

LOCK TABLES `brands` WRITE;
/*!40000 ALTER TABLE `brands` DISABLE KEYS */;
INSERT INTO `brands` VALUES (1,'Yogis','yogis',NULL,0,'inactive',0,'2026-04-09 13:00:38.929','2026-04-11 10:15:32.831'),(2,'Healthy Food','healthy-food',NULL,0,'inactive',0,'2026-04-09 13:00:38.934','2026-04-11 10:15:29.474'),(3,'Natural Food','natural-food',NULL,0,'inactive',0,'2026-04-09 13:00:38.937','2026-04-11 10:15:25.875'),(4,'Organic Food','organic-food',NULL,0,'inactive',0,'2026-04-09 13:00:38.940','2026-04-11 10:15:19.404'),(5,'Organic Natural Food','organic-natural-food','/uploads/categories/1775816360154-Wheat_Atta.png',1,'active',0,'2026-04-09 13:00:38.944','2026-04-11 10:00:37.971');
/*!40000 ALTER TABLE `brands` ENABLE KEYS */;
UNLOCK TABLES;
/*!40103 SET TIME_ZONE=@OLD_TIME_ZONE */;

/*!40101 SET SQL_MODE=@OLD_SQL_MODE */;
/*!40014 SET FOREIGN_KEY_CHECKS=@OLD_FOREIGN_KEY_CHECKS */;
/*!40014 SET UNIQUE_CHECKS=@OLD_UNIQUE_CHECKS */;
/*!40101 SET CHARACTER_SET_CLIENT=@OLD_CHARACTER_SET_CLIENT */;
/*!40101 SET CHARACTER_SET_RESULTS=@OLD_CHARACTER_SET_RESULTS */;
/*!40101 SET COLLATION_CONNECTION=@OLD_COLLATION_CONNECTION */;
/*!40111 SET SQL_NOTES=@OLD_SQL_NOTES */;

-- Dump completed on 2026-04-18 18:22:15
-- MySQL dump 10.13  Distrib 8.0.36, for Win64 (x86_64)
--
-- Host: localhost    Database: yogisfarm
-- ------------------------------------------------------
-- Server version	8.4.0

/*!40101 SET @OLD_CHARACTER_SET_CLIENT=@@CHARACTER_SET_CLIENT */;
/*!40101 SET @OLD_CHARACTER_SET_RESULTS=@@CHARACTER_SET_RESULTS */;
/*!40101 SET @OLD_COLLATION_CONNECTION=@@COLLATION_CONNECTION */;
/*!50503 SET NAMES utf8 */;
/*!40103 SET @OLD_TIME_ZONE=@@TIME_ZONE */;
/*!40103 SET TIME_ZONE='+00:00' */;
/*!40014 SET @OLD_UNIQUE_CHECKS=@@UNIQUE_CHECKS, UNIQUE_CHECKS=0 */;
/*!40014 SET @OLD_FOREIGN_KEY_CHECKS=@@FOREIGN_KEY_CHECKS, FOREIGN_KEY_CHECKS=0 */;
/*!40101 SET @OLD_SQL_MODE=@@SQL_MODE, SQL_MODE='NO_AUTO_VALUE_ON_ZERO' */;
/*!40111 SET @OLD_SQL_NOTES=@@SQL_NOTES, SQL_NOTES=0 */;

--
-- Table structure for table `cart`
--

DROP TABLE IF EXISTS `cart`;
/*!40101 SET @saved_cs_client     = @@character_set_client */;
/*!50503 SET character_set_client = utf8mb4 */;
CREATE TABLE `cart` (
  `id` int NOT NULL AUTO_INCREMENT,
  `session_id` varchar(100) COLLATE utf8mb4_unicode_ci DEFAULT NULL,
  `user_id` int DEFAULT NULL,
  `product_id` int NOT NULL,
  `variant_id` int DEFAULT NULL,
  `quantity` int NOT NULL DEFAULT '1',
  `created_at` datetime(3) NOT NULL DEFAULT CURRENT_TIMESTAMP(3),
  `updated_at` datetime(3) NOT NULL,
  PRIMARY KEY (`id`),
  KEY `cart_user_id_fkey` (`user_id`),
  KEY `cart_product_id_fkey` (`product_id`),
  KEY `cart_variant_id_fkey` (`variant_id`),
  CONSTRAINT `cart_product_id_fkey` FOREIGN KEY (`product_id`) REFERENCES `products` (`id`) ON DELETE CASCADE ON UPDATE CASCADE,
  CONSTRAINT `cart_user_id_fkey` FOREIGN KEY (`user_id`) REFERENCES `users` (`id`) ON DELETE CASCADE ON UPDATE CASCADE,
  CONSTRAINT `cart_variant_id_fkey` FOREIGN KEY (`variant_id`) REFERENCES `product_variants` (`id`) ON DELETE SET NULL ON UPDATE CASCADE
) ENGINE=InnoDB AUTO_INCREMENT=71 DEFAULT CHARSET=utf8mb4 COLLATE=utf8mb4_unicode_ci;
/*!40101 SET character_set_client = @saved_cs_client */;

--
-- Dumping data for table `cart`
--

LOCK TABLES `cart` WRITE;
/*!40000 ALTER TABLE `cart` DISABLE KEYS */;
INSERT INTO `cart` VALUES (6,'X1ktkuubLzeWYwmarthv-1xdGqZzXnKn',NULL,4,NULL,1,'2026-04-11 09:26:24.209','2026-04-11 09:26:24.209'),(7,'mWuTGSvKUGc_M4Sf3c81V4CzdRfxqGpf',NULL,5,NULL,1,'2026-04-13 05:50:48.972','2026-04-13 05:50:48.972'),(8,'lNF_Z1cdmiCTV5-kMdrnQA9JPqx1a0qn',NULL,3,NULL,1,'2026-04-13 07:13:00.350','2026-04-13 07:13:00.350'),(9,'5zZ5VOtji-mpn5TYmy0sKzEiTep4soz-',NULL,4,NULL,1,'2026-04-13 07:13:02.914','2026-04-13 07:13:02.914'),(13,NULL,3,9,NULL,1,'2026-04-14 09:28:47.730','2026-04-14 09:28:47.730');
/*!40000 ALTER TABLE `cart` ENABLE KEYS */;
UNLOCK TABLES;
/*!40103 SET TIME_ZONE=@OLD_TIME_ZONE */;

/*!40101 SET SQL_MODE=@OLD_SQL_MODE */;
/*!40014 SET FOREIGN_KEY_CHECKS=@OLD_FOREIGN_KEY_CHECKS */;
/*!40014 SET UNIQUE_CHECKS=@OLD_UNIQUE_CHECKS */;
/*!40101 SET CHARACTER_SET_CLIENT=@OLD_CHARACTER_SET_CLIENT */;
/*!40101 SET CHARACTER_SET_RESULTS=@OLD_CHARACTER_SET_RESULTS */;
/*!40101 SET COLLATION_CONNECTION=@OLD_COLLATION_CONNECTION */;
/*!40111 SET SQL_NOTES=@OLD_SQL_NOTES */;

-- Dump completed on 2026-04-18 18:22:13
-- MySQL dump 10.13  Distrib 8.0.36, for Win64 (x86_64)
--
-- Host: localhost    Database: yogisfarm
-- ------------------------------------------------------
-- Server version	8.4.0

/*!40101 SET @OLD_CHARACTER_SET_CLIENT=@@CHARACTER_SET_CLIENT */;
/*!40101 SET @OLD_CHARACTER_SET_RESULTS=@@CHARACTER_SET_RESULTS */;
/*!40101 SET @OLD_COLLATION_CONNECTION=@@COLLATION_CONNECTION */;
/*!50503 SET NAMES utf8 */;
/*!40103 SET @OLD_TIME_ZONE=@@TIME_ZONE */;
/*!40103 SET TIME_ZONE='+00:00' */;
/*!40014 SET @OLD_UNIQUE_CHECKS=@@UNIQUE_CHECKS, UNIQUE_CHECKS=0 */;
/*!40014 SET @OLD_FOREIGN_KEY_CHECKS=@@FOREIGN_KEY_CHECKS, FOREIGN_KEY_CHECKS=0 */;
/*!40101 SET @OLD_SQL_MODE=@@SQL_MODE, SQL_MODE='NO_AUTO_VALUE_ON_ZERO' */;
/*!40111 SET @OLD_SQL_NOTES=@@SQL_NOTES, SQL_NOTES=0 */;

--
-- Table structure for table `categories`
--

DROP TABLE IF EXISTS `categories`;
/*!40101 SET @saved_cs_client     = @@character_set_client */;
/*!50503 SET character_set_client = utf8mb4 */;
CREATE TABLE `categories` (
  `id` int NOT NULL AUTO_INCREMENT,
  `name` varchar(100) COLLATE utf8mb4_unicode_ci NOT NULL,
  `slug` varchar(120) COLLATE utf8mb4_unicode_ci NOT NULL,
  `image` varchar(500) COLLATE utf8mb4_unicode_ci DEFAULT NULL,
  `parent_id` int DEFAULT NULL,
  `featured` tinyint(1) NOT NULL DEFAULT '0',
  `sort_order` int NOT NULL DEFAULT '0',
  `status` varchar(20) COLLATE utf8mb4_unicode_ci NOT NULL DEFAULT 'active',
  `created_at` datetime(3) NOT NULL DEFAULT CURRENT_TIMESTAMP(3),
  `updated_at` datetime(3) NOT NULL,
  PRIMARY KEY (`id`),
  UNIQUE KEY `categories_slug_key` (`slug`),
  KEY `categories_parent_id_fkey` (`parent_id`),
  CONSTRAINT `categories_parent_id_fkey` FOREIGN KEY (`parent_id`) REFERENCES `categories` (`id`) ON DELETE SET NULL ON UPDATE CASCADE
) ENGINE=InnoDB AUTO_INCREMENT=11 DEFAULT CHARSET=utf8mb4 COLLATE=utf8mb4_unicode_ci;
/*!40101 SET character_set_client = @saved_cs_client */;

--
-- Dumping data for table `categories`
--

LOCK TABLES `categories` WRITE;
/*!40000 ALTER TABLE `categories` DISABLE KEYS */;
INSERT INTO `categories` VALUES (1,'test','test','/uploads/main/1775806991163-main-slider--2.jpg',6,0,1,'active','2026-04-09 13:00:38.903','2026-04-16 09:03:28.337'),(2,'Millet Atta','millet-atta','/uploads/categories/1775816360153-Millet_Atta.png',NULL,1,2,'active','2026-04-09 13:00:38.907','2026-04-10 10:23:23.914'),(3,'Multigrain Atta','multigrain-atta','/uploads/categories/1775816360153-Multigrain_Atta_(1).png',NULL,1,3,'active','2026-04-09 13:00:38.911','2026-04-10 10:23:16.675'),(4,'Oil','oil','/uploads/categories/1775816360152-oil.png',NULL,1,4,'active','2026-04-09 13:00:38.915','2026-04-10 10:22:39.183'),(5,'Dal','dal','/uploads/categories/1775816360151-dal.png',NULL,1,5,'active','2026-04-09 13:00:38.918','2026-04-10 10:22:30.239'),(6,'Tofu','tofu','/uploads/categories/1775816360140-Tofu.png',NULL,1,6,'active','2026-04-09 13:00:38.921','2026-04-10 10:22:14.304'),(7,'Fresh Vegies','fresh-vegies','/uploads/categories/1775816360130-fresh_vegies.jpg',NULL,1,7,'active','2026-04-09 13:00:38.925','2026-04-10 10:22:06.989');
/*!40000 ALTER TABLE `categories` ENABLE KEYS */;
UNLOCK TABLES;
/*!40103 SET TIME_ZONE=@OLD_TIME_ZONE */;

/*!40101 SET SQL_MODE=@OLD_SQL_MODE */;
/*!40014 SET FOREIGN_KEY_CHECKS=@OLD_FOREIGN_KEY_CHECKS */;
/*!40014 SET UNIQUE_CHECKS=@OLD_UNIQUE_CHECKS */;
/*!40101 SET CHARACTER_SET_CLIENT=@OLD_CHARACTER_SET_CLIENT */;
/*!40101 SET CHARACTER_SET_RESULTS=@OLD_CHARACTER_SET_RESULTS */;
/*!40101 SET COLLATION_CONNECTION=@OLD_COLLATION_CONNECTION */;
/*!40111 SET SQL_NOTES=@OLD_SQL_NOTES */;

-- Dump completed on 2026-04-18 18:22:15
-- MySQL dump 10.13  Distrib 8.0.36, for Win64 (x86_64)
--
-- Host: localhost    Database: yogisfarm
-- ------------------------------------------------------
-- Server version	8.4.0

/*!40101 SET @OLD_CHARACTER_SET_CLIENT=@@CHARACTER_SET_CLIENT */;
/*!40101 SET @OLD_CHARACTER_SET_RESULTS=@@CHARACTER_SET_RESULTS */;
/*!40101 SET @OLD_COLLATION_CONNECTION=@@COLLATION_CONNECTION */;
/*!50503 SET NAMES utf8 */;
/*!40103 SET @OLD_TIME_ZONE=@@TIME_ZONE */;
/*!40103 SET TIME_ZONE='+00:00' */;
/*!40014 SET @OLD_UNIQUE_CHECKS=@@UNIQUE_CHECKS, UNIQUE_CHECKS=0 */;
/*!40014 SET @OLD_FOREIGN_KEY_CHECKS=@@FOREIGN_KEY_CHECKS, FOREIGN_KEY_CHECKS=0 */;
/*!40101 SET @OLD_SQL_MODE=@@SQL_MODE, SQL_MODE='NO_AUTO_VALUE_ON_ZERO' */;
/*!40111 SET @OLD_SQL_NOTES=@@SQL_NOTES, SQL_NOTES=0 */;

--
-- Table structure for table `contacts`
--

DROP TABLE IF EXISTS `contacts`;
/*!40101 SET @saved_cs_client     = @@character_set_client */;
/*!50503 SET character_set_client = utf8mb4 */;
CREATE TABLE `contacts` (
  `id` int NOT NULL AUTO_INCREMENT,
  `name` varchar(100) COLLATE utf8mb4_unicode_ci NOT NULL,
  `email` varchar(150) COLLATE utf8mb4_unicode_ci NOT NULL,
  `phone` varchar(15) COLLATE utf8mb4_unicode_ci DEFAULT NULL,
  `subject` varchar(200) COLLATE utf8mb4_unicode_ci DEFAULT NULL,
  `message` text COLLATE utf8mb4_unicode_ci NOT NULL,
  `created_at` datetime(3) NOT NULL DEFAULT CURRENT_TIMESTAMP(3),
  PRIMARY KEY (`id`)
) ENGINE=InnoDB AUTO_INCREMENT=2 DEFAULT CHARSET=utf8mb4 COLLATE=utf8mb4_unicode_ci;
/*!40101 SET character_set_client = @saved_cs_client */;

--
-- Dumping data for table `contacts`
--

LOCK TABLES `contacts` WRITE;
/*!40000 ALTER TABLE `contacts` DISABLE KEYS */;
INSERT INTO `contacts` VALUES (1,'omkar','omprjoshi8@gmail.com','8208081346','test','test','2026-04-13 13:15:39.998');
/*!40000 ALTER TABLE `contacts` ENABLE KEYS */;
UNLOCK TABLES;
/*!40103 SET TIME_ZONE=@OLD_TIME_ZONE */;

/*!40101 SET SQL_MODE=@OLD_SQL_MODE */;
/*!40014 SET FOREIGN_KEY_CHECKS=@OLD_FOREIGN_KEY_CHECKS */;
/*!40014 SET UNIQUE_CHECKS=@OLD_UNIQUE_CHECKS */;
/*!40101 SET CHARACTER_SET_CLIENT=@OLD_CHARACTER_SET_CLIENT */;
/*!40101 SET CHARACTER_SET_RESULTS=@OLD_CHARACTER_SET_RESULTS */;
/*!40101 SET COLLATION_CONNECTION=@OLD_COLLATION_CONNECTION */;
/*!40111 SET SQL_NOTES=@OLD_SQL_NOTES */;

-- Dump completed on 2026-04-18 18:22:13
-- MySQL dump 10.13  Distrib 8.0.36, for Win64 (x86_64)
--
-- Host: localhost    Database: yogisfarm
-- ------------------------------------------------------
-- Server version	8.4.0

/*!40101 SET @OLD_CHARACTER_SET_CLIENT=@@CHARACTER_SET_CLIENT */;
/*!40101 SET @OLD_CHARACTER_SET_RESULTS=@@CHARACTER_SET_RESULTS */;
/*!40101 SET @OLD_COLLATION_CONNECTION=@@COLLATION_CONNECTION */;
/*!50503 SET NAMES utf8 */;
/*!40103 SET @OLD_TIME_ZONE=@@TIME_ZONE */;
/*!40103 SET TIME_ZONE='+00:00' */;
/*!40014 SET @OLD_UNIQUE_CHECKS=@@UNIQUE_CHECKS, UNIQUE_CHECKS=0 */;
/*!40014 SET @OLD_FOREIGN_KEY_CHECKS=@@FOREIGN_KEY_CHECKS, FOREIGN_KEY_CHECKS=0 */;
/*!40101 SET @OLD_SQL_MODE=@@SQL_MODE, SQL_MODE='NO_AUTO_VALUE_ON_ZERO' */;
/*!40111 SET @OLD_SQL_NOTES=@@SQL_NOTES, SQL_NOTES=0 */;

--
-- Table structure for table `coupons`
--

DROP TABLE IF EXISTS `coupons`;
/*!40101 SET @saved_cs_client     = @@character_set_client */;
/*!50503 SET character_set_client = utf8mb4 */;
CREATE TABLE `coupons` (
  `id` int NOT NULL AUTO_INCREMENT,
  `name` varchar(100) COLLATE utf8mb4_unicode_ci NOT NULL,
  `code` varchar(50) COLLATE utf8mb4_unicode_ci NOT NULL,
  `image` varchar(500) COLLATE utf8mb4_unicode_ci DEFAULT NULL,
  `amount_type` varchar(20) COLLATE utf8mb4_unicode_ci NOT NULL DEFAULT 'percent',
  `amount` decimal(10,2) NOT NULL DEFAULT '0.00',
  `min_order_amount` decimal(10,2) NOT NULL DEFAULT '0.00',
  `max_discount` decimal(10,2) DEFAULT NULL,
  `description` text COLLATE utf8mb4_unicode_ci,
  `expire_on` datetime(3) DEFAULT NULL,
  `usage_limit` int DEFAULT NULL,
  `used_count` int NOT NULL DEFAULT '0',
  `status` varchar(20) COLLATE utf8mb4_unicode_ci NOT NULL DEFAULT 'active',
  `created_at` datetime(3) NOT NULL DEFAULT CURRENT_TIMESTAMP(3),
  `updated_at` datetime(3) NOT NULL,
  PRIMARY KEY (`id`),
  UNIQUE KEY `coupons_code_key` (`code`)
) ENGINE=InnoDB AUTO_INCREMENT=3 DEFAULT CHARSET=utf8mb4 COLLATE=utf8mb4_unicode_ci;
/*!40101 SET character_set_client = @saved_cs_client */;

--
-- Dumping data for table `coupons`
--

LOCK TABLES `coupons` WRITE;
/*!40000 ALTER TABLE `coupons` DISABLE KEYS */;
INSERT INTO `coupons` VALUES (2,'test','TEST20',NULL,'percent',20.00,0.00,NULL,'',NULL,NULL,6,'active','2026-04-10 05:24:45.843','2026-04-17 12:46:59.323');
/*!40000 ALTER TABLE `coupons` ENABLE KEYS */;
UNLOCK TABLES;
/*!40103 SET TIME_ZONE=@OLD_TIME_ZONE */;

/*!40101 SET SQL_MODE=@OLD_SQL_MODE */;
/*!40014 SET FOREIGN_KEY_CHECKS=@OLD_FOREIGN_KEY_CHECKS */;
/*!40014 SET UNIQUE_CHECKS=@OLD_UNIQUE_CHECKS */;
/*!40101 SET CHARACTER_SET_CLIENT=@OLD_CHARACTER_SET_CLIENT */;
/*!40101 SET CHARACTER_SET_RESULTS=@OLD_CHARACTER_SET_RESULTS */;
/*!40101 SET COLLATION_CONNECTION=@OLD_COLLATION_CONNECTION */;
/*!40111 SET SQL_NOTES=@OLD_SQL_NOTES */;

-- Dump completed on 2026-04-18 18:22:14
-- MySQL dump 10.13  Distrib 8.0.36, for Win64 (x86_64)
--
-- Host: localhost    Database: yogisfarm
-- ------------------------------------------------------
-- Server version	8.4.0

/*!40101 SET @OLD_CHARACTER_SET_CLIENT=@@CHARACTER_SET_CLIENT */;
/*!40101 SET @OLD_CHARACTER_SET_RESULTS=@@CHARACTER_SET_RESULTS */;
/*!40101 SET @OLD_COLLATION_CONNECTION=@@COLLATION_CONNECTION */;
/*!50503 SET NAMES utf8 */;
/*!40103 SET @OLD_TIME_ZONE=@@TIME_ZONE */;
/*!40103 SET TIME_ZONE='+00:00' */;
/*!40014 SET @OLD_UNIQUE_CHECKS=@@UNIQUE_CHECKS, UNIQUE_CHECKS=0 */;
/*!40014 SET @OLD_FOREIGN_KEY_CHECKS=@@FOREIGN_KEY_CHECKS, FOREIGN_KEY_CHECKS=0 */;
/*!40101 SET @OLD_SQL_MODE=@@SQL_MODE, SQL_MODE='NO_AUTO_VALUE_ON_ZERO' */;
/*!40111 SET @OLD_SQL_NOTES=@@SQL_NOTES, SQL_NOTES=0 */;

--
-- Table structure for table `courier_partners`
--

DROP TABLE IF EXISTS `courier_partners`;
/*!40101 SET @saved_cs_client     = @@character_set_client */;
/*!50503 SET character_set_client = utf8mb4 */;
CREATE TABLE `courier_partners` (
  `id` int NOT NULL AUTO_INCREMENT,
  `name` varchar(100) COLLATE utf8mb4_unicode_ci NOT NULL,
  `tracking_link` varchar(500) COLLATE utf8mb4_unicode_ci NOT NULL,
  `status` varchar(20) COLLATE utf8mb4_unicode_ci NOT NULL DEFAULT 'active',
  `created_at` datetime(3) NOT NULL DEFAULT CURRENT_TIMESTAMP(3),
  PRIMARY KEY (`id`)
) ENGINE=InnoDB AUTO_INCREMENT=2 DEFAULT CHARSET=utf8mb4 COLLATE=utf8mb4_unicode_ci;
/*!40101 SET character_set_client = @saved_cs_client */;

--
-- Dumping data for table `courier_partners`
--

LOCK TABLES `courier_partners` WRITE;
/*!40000 ALTER TABLE `courier_partners` DISABLE KEYS */;
INSERT INTO `courier_partners` VALUES (1,'Ekart','ekart','active','2026-04-15 06:36:44.322');
/*!40000 ALTER TABLE `courier_partners` ENABLE KEYS */;
UNLOCK TABLES;
/*!40103 SET TIME_ZONE=@OLD_TIME_ZONE */;

/*!40101 SET SQL_MODE=@OLD_SQL_MODE */;
/*!40014 SET FOREIGN_KEY_CHECKS=@OLD_FOREIGN_KEY_CHECKS */;
/*!40014 SET UNIQUE_CHECKS=@OLD_UNIQUE_CHECKS */;
/*!40101 SET CHARACTER_SET_CLIENT=@OLD_CHARACTER_SET_CLIENT */;
/*!40101 SET CHARACTER_SET_RESULTS=@OLD_CHARACTER_SET_RESULTS */;
/*!40101 SET COLLATION_CONNECTION=@OLD_COLLATION_CONNECTION */;
/*!40111 SET SQL_NOTES=@OLD_SQL_NOTES */;

-- Dump completed on 2026-04-18 18:22:12
-- MySQL dump 10.13  Distrib 8.0.36, for Win64 (x86_64)
--
-- Host: localhost    Database: yogisfarm
-- ------------------------------------------------------
-- Server version	8.4.0

/*!40101 SET @OLD_CHARACTER_SET_CLIENT=@@CHARACTER_SET_CLIENT */;
/*!40101 SET @OLD_CHARACTER_SET_RESULTS=@@CHARACTER_SET_RESULTS */;
/*!40101 SET @OLD_COLLATION_CONNECTION=@@COLLATION_CONNECTION */;
/*!50503 SET NAMES utf8 */;
/*!40103 SET @OLD_TIME_ZONE=@@TIME_ZONE */;
/*!40103 SET TIME_ZONE='+00:00' */;
/*!40014 SET @OLD_UNIQUE_CHECKS=@@UNIQUE_CHECKS, UNIQUE_CHECKS=0 */;
/*!40014 SET @OLD_FOREIGN_KEY_CHECKS=@@FOREIGN_KEY_CHECKS, FOREIGN_KEY_CHECKS=0 */;
/*!40101 SET @OLD_SQL_MODE=@@SQL_MODE, SQL_MODE='NO_AUTO_VALUE_ON_ZERO' */;
/*!40111 SET @OLD_SQL_NOTES=@@SQL_NOTES, SQL_NOTES=0 */;

--
-- Table structure for table `delivery_boys`
--

DROP TABLE IF EXISTS `delivery_boys`;
/*!40101 SET @saved_cs_client     = @@character_set_client */;
/*!50503 SET character_set_client = utf8mb4 */;
CREATE TABLE `delivery_boys` (
  `id` int NOT NULL AUTO_INCREMENT,
  `name` varchar(100) COLLATE utf8mb4_unicode_ci NOT NULL,
  `phone` varchar(15) COLLATE utf8mb4_unicode_ci NOT NULL,
  `status` varchar(20) COLLATE utf8mb4_unicode_ci NOT NULL DEFAULT 'active',
  `created_at` datetime(3) NOT NULL DEFAULT CURRENT_TIMESTAMP(3),
  `city` varchar(100) COLLATE utf8mb4_unicode_ci DEFAULT NULL,
  `pincode` varchar(10) COLLATE utf8mb4_unicode_ci DEFAULT NULL,
  `outstanding_amount` decimal(10,2) NOT NULL DEFAULT '0.00',
  `pin` varchar(255) COLLATE utf8mb4_unicode_ci DEFAULT NULL,
  PRIMARY KEY (`id`)
) ENGINE=InnoDB AUTO_INCREMENT=4 DEFAULT CHARSET=utf8mb4 COLLATE=utf8mb4_unicode_ci;
/*!40101 SET character_set_client = @saved_cs_client */;

--
-- Dumping data for table `delivery_boys`
--

LOCK TABLES `delivery_boys` WRITE;
/*!40000 ALTER TABLE `delivery_boys` DISABLE KEYS */;
INSERT INTO `delivery_boys` VALUES (1,'Mangesh Ghodke','8329604027','inactive','2026-04-09 13:00:39.015',NULL,NULL,0.00,NULL),(2,'Krutika Kate','9393939393','inactive','2026-04-09 13:00:39.015',NULL,NULL,0.00,NULL),(3,'omkar','8208081346','active','2026-04-15 06:31:20.987','pune','411038',0.00,'$2a$10$cHRv/au5dFUJETqzGGLAbeo9mShpyvJI/D1iNxnu27XjGLnSuag.S');
/*!40000 ALTER TABLE `delivery_boys` ENABLE KEYS */;
UNLOCK TABLES;
/*!40103 SET TIME_ZONE=@OLD_TIME_ZONE */;

/*!40101 SET SQL_MODE=@OLD_SQL_MODE */;
/*!40014 SET FOREIGN_KEY_CHECKS=@OLD_FOREIGN_KEY_CHECKS */;
/*!40014 SET UNIQUE_CHECKS=@OLD_UNIQUE_CHECKS */;
/*!40101 SET CHARACTER_SET_CLIENT=@OLD_CHARACTER_SET_CLIENT */;
/*!40101 SET CHARACTER_SET_RESULTS=@OLD_CHARACTER_SET_RESULTS */;
/*!40101 SET COLLATION_CONNECTION=@OLD_COLLATION_CONNECTION */;
/*!40111 SET SQL_NOTES=@OLD_SQL_NOTES */;

-- Dump completed on 2026-04-18 18:22:14
-- MySQL dump 10.13  Distrib 8.0.36, for Win64 (x86_64)
--
-- Host: localhost    Database: yogisfarm
-- ------------------------------------------------------
-- Server version	8.4.0

/*!40101 SET @OLD_CHARACTER_SET_CLIENT=@@CHARACTER_SET_CLIENT */;
/*!40101 SET @OLD_CHARACTER_SET_RESULTS=@@CHARACTER_SET_RESULTS */;
/*!40101 SET @OLD_COLLATION_CONNECTION=@@COLLATION_CONNECTION */;
/*!50503 SET NAMES utf8 */;
/*!40103 SET @OLD_TIME_ZONE=@@TIME_ZONE */;
/*!40103 SET TIME_ZONE='+00:00' */;
/*!40014 SET @OLD_UNIQUE_CHECKS=@@UNIQUE_CHECKS, UNIQUE_CHECKS=0 */;
/*!40014 SET @OLD_FOREIGN_KEY_CHECKS=@@FOREIGN_KEY_CHECKS, FOREIGN_KEY_CHECKS=0 */;
/*!40101 SET @OLD_SQL_MODE=@@SQL_MODE, SQL_MODE='NO_AUTO_VALUE_ON_ZERO' */;
/*!40111 SET @OLD_SQL_NOTES=@@SQL_NOTES, SQL_NOTES=0 */;

--
-- Table structure for table `delivery_collections`
--

DROP TABLE IF EXISTS `delivery_collections`;
/*!40101 SET @saved_cs_client     = @@character_set_client */;
/*!50503 SET character_set_client = utf8mb4 */;
CREATE TABLE `delivery_collections` (
  `id` int NOT NULL AUTO_INCREMENT,
  `delivery_boy_id` int NOT NULL,
  `amount` decimal(10,2) NOT NULL,
  `admin_id` int NOT NULL,
  `created_at` datetime(3) NOT NULL DEFAULT CURRENT_TIMESTAMP(3),
  PRIMARY KEY (`id`),
  KEY `delivery_collections_delivery_boy_id_fkey` (`delivery_boy_id`),
  KEY `delivery_collections_admin_id_fkey` (`admin_id`),
  CONSTRAINT `delivery_collections_admin_id_fkey` FOREIGN KEY (`admin_id`) REFERENCES `admins` (`id`) ON DELETE RESTRICT ON UPDATE CASCADE,
  CONSTRAINT `delivery_collections_delivery_boy_id_fkey` FOREIGN KEY (`delivery_boy_id`) REFERENCES `delivery_boys` (`id`) ON DELETE RESTRICT ON UPDATE CASCADE
) ENGINE=InnoDB AUTO_INCREMENT=8 DEFAULT CHARSET=utf8mb4 COLLATE=utf8mb4_unicode_ci;
/*!40101 SET character_set_client = @saved_cs_client */;

--
-- Dumping data for table `delivery_collections`
--

LOCK TABLES `delivery_collections` WRITE;
/*!40000 ALTER TABLE `delivery_collections` DISABLE KEYS */;
INSERT INTO `delivery_collections` VALUES (1,3,50.00,1,'2026-04-16 13:27:09.790'),(2,3,355.62,1,'2026-04-16 13:27:21.201'),(3,3,2483.60,1,'2026-04-16 13:57:14.449'),(4,3,300.00,1,'2026-04-16 14:11:14.298'),(5,3,101.82,1,'2026-04-16 14:11:29.373'),(6,3,200.00,1,'2026-04-17 12:49:20.623'),(7,3,383.30,1,'2026-04-17 13:10:02.269');
/*!40000 ALTER TABLE `delivery_collections` ENABLE KEYS */;
UNLOCK TABLES;
/*!40103 SET TIME_ZONE=@OLD_TIME_ZONE */;

/*!40101 SET SQL_MODE=@OLD_SQL_MODE */;
/*!40014 SET FOREIGN_KEY_CHECKS=@OLD_FOREIGN_KEY_CHECKS */;
/*!40014 SET UNIQUE_CHECKS=@OLD_UNIQUE_CHECKS */;
/*!40101 SET CHARACTER_SET_CLIENT=@OLD_CHARACTER_SET_CLIENT */;
/*!40101 SET CHARACTER_SET_RESULTS=@OLD_CHARACTER_SET_RESULTS */;
/*!40101 SET COLLATION_CONNECTION=@OLD_COLLATION_CONNECTION */;
/*!40111 SET SQL_NOTES=@OLD_SQL_NOTES */;

-- Dump completed on 2026-04-18 18:22:15
-- MySQL dump 10.13  Distrib 8.0.36, for Win64 (x86_64)
--
-- Host: localhost    Database: yogisfarm
-- ------------------------------------------------------
-- Server version	8.4.0

/*!40101 SET @OLD_CHARACTER_SET_CLIENT=@@CHARACTER_SET_CLIENT */;
/*!40101 SET @OLD_CHARACTER_SET_RESULTS=@@CHARACTER_SET_RESULTS */;
/*!40101 SET @OLD_COLLATION_CONNECTION=@@COLLATION_CONNECTION */;
/*!50503 SET NAMES utf8 */;
/*!40103 SET @OLD_TIME_ZONE=@@TIME_ZONE */;
/*!40103 SET TIME_ZONE='+00:00' */;
/*!40014 SET @OLD_UNIQUE_CHECKS=@@UNIQUE_CHECKS, UNIQUE_CHECKS=0 */;
/*!40014 SET @OLD_FOREIGN_KEY_CHECKS=@@FOREIGN_KEY_CHECKS, FOREIGN_KEY_CHECKS=0 */;
/*!40101 SET @OLD_SQL_MODE=@@SQL_MODE, SQL_MODE='NO_AUTO_VALUE_ON_ZERO' */;
/*!40111 SET @OLD_SQL_NOTES=@@SQL_NOTES, SQL_NOTES=0 */;

--
-- Table structure for table `orders`
--

DROP TABLE IF EXISTS `orders`;
/*!40101 SET @saved_cs_client     = @@character_set_client */;
/*!50503 SET character_set_client = utf8mb4 */;
CREATE TABLE `orders` (
  `id` int NOT NULL AUTO_INCREMENT,
  `user_id` int NOT NULL,
  `order_number` varchar(30) COLLATE utf8mb4_unicode_ci NOT NULL,
  `address_id` int DEFAULT NULL,
  `address_name` varchar(100) COLLATE utf8mb4_unicode_ci DEFAULT NULL,
  `address_phone` varchar(15) COLLATE utf8mb4_unicode_ci DEFAULT NULL,
  `address_text` text COLLATE utf8mb4_unicode_ci,
  `address_city` varchar(100) COLLATE utf8mb4_unicode_ci DEFAULT NULL,
  `address_state` varchar(100) COLLATE utf8mb4_unicode_ci DEFAULT NULL,
  `address_pincode` varchar(10) COLLATE utf8mb4_unicode_ci DEFAULT NULL,
  `subtotal` decimal(10,2) NOT NULL DEFAULT '0.00',
  `shipping` decimal(10,2) NOT NULL DEFAULT '0.00',
  `discount` decimal(10,2) NOT NULL DEFAULT '0.00',
  `tax` decimal(10,2) NOT NULL DEFAULT '0.00',
  `total` decimal(10,2) NOT NULL DEFAULT '0.00',
  `coupon_code` varchar(50) COLLATE utf8mb4_unicode_ci DEFAULT NULL,
  `order_status` varchar(20) COLLATE utf8mb4_unicode_ci NOT NULL DEFAULT 'pending',
  `payment_method` varchar(20) COLLATE utf8mb4_unicode_ci NOT NULL DEFAULT 'cod',
  `payment_status` varchar(20) COLLATE utf8mb4_unicode_ci NOT NULL DEFAULT 'pending',
  `payment_description` text COLLATE utf8mb4_unicode_ci,
  `order_note` text COLLATE utf8mb4_unicode_ci,
  `delivery_boy_id` int DEFAULT NULL,
  `created_at` datetime(3) NOT NULL DEFAULT CURRENT_TIMESTAMP(3),
  `updated_at` datetime(3) NOT NULL,
  `address_type` varchar(20) COLLATE utf8mb4_unicode_ci DEFAULT 'Home',
  `courier_partner_id` int DEFAULT NULL,
  `delivery_type` varchar(20) COLLATE utf8mb4_unicode_ci DEFAULT NULL,
  `tracking_id` varchar(100) COLLATE utf8mb4_unicode_ci DEFAULT NULL,
  PRIMARY KEY (`id`),
  UNIQUE KEY `orders_order_number_key` (`order_number`),
  KEY `orders_user_id_fkey` (`user_id`),
  KEY `orders_address_id_fkey` (`address_id`),
  KEY `orders_delivery_boy_id_fkey` (`delivery_boy_id`),
  KEY `orders_courier_partner_id_fkey` (`courier_partner_id`),
  CONSTRAINT `orders_address_id_fkey` FOREIGN KEY (`address_id`) REFERENCES `addresses` (`id`) ON DELETE SET NULL ON UPDATE CASCADE,
  CONSTRAINT `orders_courier_partner_id_fkey` FOREIGN KEY (`courier_partner_id`) REFERENCES `courier_partners` (`id`) ON DELETE SET NULL ON UPDATE CASCADE,
  CONSTRAINT `orders_delivery_boy_id_fkey` FOREIGN KEY (`delivery_boy_id`) REFERENCES `delivery_boys` (`id`) ON DELETE SET NULL ON UPDATE CASCADE,
  CONSTRAINT `orders_user_id_fkey` FOREIGN KEY (`user_id`) REFERENCES `users` (`id`) ON DELETE RESTRICT ON UPDATE CASCADE
) ENGINE=InnoDB AUTO_INCREMENT=39 DEFAULT CHARSET=utf8mb4 COLLATE=utf8mb4_unicode_ci;
/*!40101 SET character_set_client = @saved_cs_client */;

--
-- Dumping data for table `orders`
--

LOCK TABLES `orders` WRITE;
/*!40000 ALTER TABLE `orders` DISABLE KEYS */;
INSERT INTO `orders` VALUES (1,1,'YF-O26-04-0001',1,'Omkar Joshi','08208081346','domkhel road','wagholi','Maharashtra','412207',524.00,0.00,104.80,0.00,419.20,'test20','delivered','online','verified','','test',1,'2026-04-14 10:40:45.387','2026-04-14 11:22:41.292','Home',NULL,NULL,NULL),(2,1,'YF-O26-04-0002',1,'Omkar Joshi','08208081346','domkhel road','wagholi','Maharashtra','412207',125.00,50.00,25.00,0.00,150.00,'test20','placed','cod','pending',NULL,NULL,NULL,'2026-04-15 08:56:30.599','2026-04-15 08:56:30.599','Home',NULL,NULL,NULL),(3,1,'YF-O26-04-0003',1,'Omkar Joshi','08208081346','domkhel road','wagholi','Maharashtra','412207',260.00,50.00,52.00,0.00,258.00,'test20','placed','online','completed','pay_SdjQ56SzdCm0zs','test',NULL,'2026-04-15 10:12:29.313','2026-04-15 10:24:12.766','Home',1,'courier','FMPR0872143993'),(4,1,'YF-O26-04-0004',1,'Omkar Joshi','08208081346','domkhel road','wagholi','Maharashtra','412207',359.00,50.00,0.00,0.00,409.00,NULL,'placed','cod','pending',NULL,'test',NULL,'2026-04-15 11:57:37.289','2026-04-15 11:57:37.289','Home',NULL,NULL,NULL),(5,1,'YF-O26-04-0005',1,'Omkar Joshi','08208081346','domkhel road','wagholi','Maharashtra','412207',299.00,50.00,59.80,53.82,343.02,'test20','confirmed','cod','completed','',NULL,NULL,'2026-04-15 13:20:05.117','2026-04-16 08:50:42.973','Home',NULL,NULL,NULL),(6,1,'YF-O26-04-0006',1,'Omkar Joshi','08208081346','domkhel road','wagholi','Maharashtra','412207',60.00,50.00,0.00,10.80,120.80,NULL,'delivered','cod','paid',NULL,NULL,3,'2026-04-16 13:08:59.413','2026-04-16 13:42:32.786','Home',NULL,'delivery_boy',NULL),(7,1,'YF-O26-04-0007',1,'Omkar Joshi','08208081346','domkhel road','wagholi','Maharashtra','412207',199.00,50.00,0.00,35.82,284.82,NULL,'delivered','cod','completed','',NULL,3,'2026-04-16 13:18:10.433','2026-04-16 13:32:54.447','Home',NULL,'delivery_boy',NULL),(8,1,'YF-O26-04-0008',1,'Omkar Joshi','08208081346','domkhel road','wagholi','Maharashtra','412207',1835.00,0.00,0.00,330.30,2165.30,NULL,'delivered','cod','completed','',NULL,3,'2026-04-16 13:33:55.235','2026-04-16 13:35:06.703','Home',NULL,'delivery_boy',NULL),(9,1,'YF-O26-04-0009',1,'Omkar Joshi','08208081346','domkhel road','wagholi','Maharashtra','412207',60.00,50.00,0.00,10.80,120.80,NULL,'delivered','cod','paid',NULL,NULL,3,'2026-04-16 13:44:18.811','2026-04-16 13:47:41.883','Home',NULL,'delivery_boy',NULL),(10,1,'YF-O26-04-0010',1,'Omkar Joshi','08208081346','domkhel road','wagholi','Maharashtra','412207',125.00,50.00,0.00,22.50,197.50,NULL,'delivered','online','pending',NULL,NULL,3,'2026-04-16 13:45:41.261','2026-04-16 13:53:38.031','Home',NULL,'delivery_boy',NULL),(11,1,'YF-O26-04-0011',1,'Omkar Joshi','08208081346','domkhel road','wagholi','Maharashtra','412207',125.00,50.00,0.00,22.50,197.50,NULL,'delivered','online','completed','pay_SeBZ1rMS5L3cKh',NULL,3,'2026-04-16 13:45:42.688','2026-04-16 13:53:46.829','Home',NULL,'delivery_boy',NULL),(12,1,'YF-O26-04-0012',1,'Omkar Joshi','08208081346','domkhel road','wagholi','Maharashtra','412207',125.00,50.00,0.00,22.50,197.50,NULL,'delivered','cod','paid',NULL,NULL,3,'2026-04-16 13:54:35.881','2026-04-16 13:55:37.204','Home',NULL,'delivery_boy',NULL),(13,1,'YF-O26-04-0013',1,'Omkar Joshi','08208081346','domkhel road','wagholi','Maharashtra','412207',359.00,50.00,71.80,64.62,401.82,'test20','delivered','cod','paid',NULL,NULL,3,'2026-04-16 14:01:12.654','2026-04-16 14:10:30.931','Home',NULL,'delivery_boy',NULL),(14,1,'YF-O26-04-0014',1,'Omkar Joshi','08208081346','domkhel road','wagholi','Maharashtra','412207',65.00,50.00,0.00,11.70,126.70,NULL,'placed','online','pending',NULL,NULL,NULL,'2026-04-17 06:21:55.280','2026-04-17 06:21:55.280','Home',NULL,NULL,NULL),(15,1,'YF-O26-04-0015',1,'Omkar Joshi','08208081346','domkhel road','wagholi','Maharashtra','412207',65.00,50.00,0.00,11.70,126.70,NULL,'placed','online','pending',NULL,NULL,NULL,'2026-04-17 06:22:02.902','2026-04-17 06:22:02.902','Home',NULL,NULL,NULL),(16,1,'YF-O26-04-0016',1,'Omkar Joshi','08208081346','domkhel road','wagholi','Maharashtra','412207',65.00,50.00,0.00,11.70,126.70,NULL,'placed','cod','pending',NULL,NULL,NULL,'2026-04-17 06:22:21.422','2026-04-17 06:22:21.422','Home',NULL,NULL,NULL),(17,1,'YF-O26-04-0017',1,'Omkar Joshi','08208081346','domkhel road','wagholi','Maharashtra','412207',449.00,50.00,0.00,80.82,579.82,NULL,'placed','online','pending',NULL,NULL,NULL,'2026-04-17 06:22:44.686','2026-04-17 06:22:44.686','Home',NULL,NULL,NULL),(18,1,'YF-O26-04-0018',1,'Omkar Joshi','08208081346','domkhel road','wagholi','Maharashtra','412207',65.00,50.00,0.00,11.70,126.70,NULL,'placed','online','pending',NULL,NULL,NULL,'2026-04-17 06:24:57.816','2026-04-17 06:24:57.816','Home',NULL,NULL,NULL),(19,1,'YF-O26-04-0019',1,'Omkar Joshi','08208081346','domkhel road','wagholi','Maharashtra','412207',514.00,0.00,0.00,92.52,606.52,NULL,'placed','online','pending',NULL,NULL,NULL,'2026-04-17 06:25:39.611','2026-04-17 06:25:39.611','Home',NULL,NULL,NULL),(20,1,'YF-O26-04-0020',1,'Omkar Joshi','08208081346','domkhel road','wagholi','Maharashtra','412207',65.00,50.00,0.00,11.70,126.70,NULL,'placed','online','pending',NULL,NULL,NULL,'2026-04-17 06:26:19.062','2026-04-17 06:26:19.062','Home',NULL,NULL,NULL),(21,1,'YF-O26-04-0021',1,'Omkar Joshi','08208081346','domkhel road','wagholi','Maharashtra','412207',65.00,50.00,0.00,11.70,126.70,NULL,'placed','online','pending',NULL,NULL,NULL,'2026-04-17 06:33:25.778','2026-04-17 06:33:25.778','Home',NULL,NULL,NULL),(22,1,'YF-O26-04-0022',1,'Omkar Joshi','08208081346','domkhel road','wagholi','Maharashtra','412207',140.00,50.00,0.00,25.20,215.20,NULL,'shipped','online','pending',NULL,NULL,NULL,'2026-04-17 06:39:59.596','2026-04-17 12:34:46.481','Home',1,'courier','asfwf3434wd'),(23,1,'YF-O26-04-0023',1,'Omkar Joshi','08208081346','domkhel road','wagholi','Maharashtra','412207',140.00,50.00,0.00,25.20,215.20,NULL,'shipped','online','pending',NULL,NULL,NULL,'2026-04-17 06:41:01.419','2026-04-17 12:34:05.480','Home',1,'courier',NULL),(24,1,'YF-O26-04-0024',1,'Omkar Joshi','08208081346','domkhel road','wagholi','Maharashtra','412207',140.00,50.00,0.00,25.20,215.20,NULL,'shipped','online','pending',NULL,NULL,3,'2026-04-17 06:45:00.614','2026-04-17 12:32:57.544','Home',NULL,'delivery_boy',NULL),(25,1,'YF-O26-04-0025',1,'Omkar Joshi','08208081346','domkhel road','wagholi','Maharashtra','412207',60.00,50.00,0.00,10.80,120.80,NULL,'cancelled','online','pending',NULL,NULL,3,'2026-04-17 07:09:24.767','2026-04-17 12:32:04.791','Home',NULL,'delivery_boy',NULL),(26,1,'YF-O26-04-0026',1,'Omkar Joshi','08208081346','domkhel road','wagholi','Maharashtra','412207',140.00,50.00,0.00,25.20,215.20,NULL,'shipped','online','pending',NULL,NULL,3,'2026-04-17 10:10:13.186','2026-04-17 12:28:37.496','Home',NULL,'delivery_boy',NULL),(27,1,'YF-O26-04-0027',1,'Omkar Joshi','08208081346','domkhel road','wagholi','Maharashtra','412207',140.00,50.00,0.00,25.20,215.20,NULL,'shipped','online','pending',NULL,NULL,3,'2026-04-17 10:10:16.425','2026-04-17 12:27:34.455','Home',NULL,'delivery_boy',NULL),(28,1,'YF-O26-04-0028',1,'Omkar Joshi','08208081346','domkhel road','wagholi','Maharashtra','412207',140.00,50.00,0.00,25.20,215.20,NULL,'delivered','cod','paid',NULL,NULL,3,'2026-04-17 10:17:12.556','2026-04-17 10:30:29.967','Home',NULL,'delivery_boy',NULL),(29,1,'YF-O26-04-0029',1,'Omkar Joshi','08208081346','domkhel road','wagholi','Maharashtra','412207',125.00,50.00,0.00,22.50,197.50,NULL,'shipped','online','completed','pay_SeX9vdnA6s72KA',NULL,NULL,'2026-04-17 10:53:40.346','2026-04-17 10:54:22.289','Home',1,'courier','FMPR0872143993'),(30,1,'YF-O26-04-0030',1,'Omkar Joshi','08208081346','domkhel road','wagholi','Maharashtra','412207',65.00,50.00,0.00,11.70,126.70,NULL,'cancelled','cod','pending',NULL,NULL,NULL,'2026-04-17 11:03:35.285','2026-04-17 11:03:50.686','Home',NULL,NULL,NULL),(31,1,'YF-O26-04-0031',1,'Omkar Joshi','08208081346','domkhel road','wagholi','Maharashtra','412207',65.00,50.00,0.00,11.70,126.70,NULL,'shipped','cod','pending',NULL,NULL,3,'2026-04-17 11:10:51.216','2026-04-17 11:12:30.580','Home',NULL,'delivery_boy',NULL),(32,1,'YF-O26-04-0032',1,'Omkar Joshi','08208081346','domkhel road','wagholi','Maharashtra','412207',269.00,50.00,0.00,48.42,367.42,NULL,'shipped','cod','pending',NULL,NULL,3,'2026-04-17 11:16:56.565','2026-04-17 11:21:33.364','Home',NULL,'delivery_boy',NULL),(33,1,'YF-O26-04-0033',1,'Omkar Joshi','08208081346','domkhel road','wagholi','Maharashtra','412207',75.00,50.00,0.00,13.50,138.50,NULL,'delivered','cod','paid',NULL,NULL,3,'2026-04-17 11:28:13.789','2026-04-17 12:08:37.908','Home',NULL,'delivery_boy',NULL),(34,1,'YF-O26-04-0034',1,'Omkar Joshi','08208081346','domkhel road','wagholi','Maharashtra','412207',75.00,50.00,0.00,13.50,138.50,NULL,'shipped','cod','pending',NULL,NULL,3,'2026-04-17 12:09:14.284','2026-04-17 12:09:59.437','Home',NULL,'delivery_boy',NULL),(35,1,'YF-O26-04-0035',1,'Omkar Joshi','08208081346','domkhel road','wagholi','Maharashtra','412207',299.00,50.00,0.00,53.82,402.82,NULL,'shipped','cod','pending',NULL,NULL,3,'2026-04-17 12:10:27.626','2026-04-17 12:10:42.196','Home',NULL,'delivery_boy',NULL),(36,1,'YF-O26-04-0036',1,'Omkar Joshi','08208081346','domkhel road','wagholi','Maharashtra','412207',344.00,50.00,0.00,61.92,455.92,NULL,'shipped','cod','pending',NULL,NULL,3,'2026-04-17 12:18:47.364','2026-04-17 12:18:59.285','Home',NULL,'delivery_boy',NULL),(37,1,'YF-O26-04-0037',1,'Omkar Joshi','08208081346','domkhel road','wagholi','Maharashtra','412207',60.00,50.00,0.00,10.80,120.80,NULL,'delivered','cod','paid',NULL,NULL,3,'2026-04-17 12:38:40.140','2026-04-17 12:39:43.383','Home',NULL,'delivery_boy',NULL),(38,1,'YF-O26-04-0038',1,'Omkar Joshi','08208081346','domkhel road','wagholi','Maharashtra','412207',60.00,50.00,12.00,10.80,108.80,'test20','delivered','cod','paid',NULL,NULL,3,'2026-04-17 12:46:59.349','2026-04-17 13:09:35.306','Home',NULL,'delivery_boy',NULL);
/*!40000 ALTER TABLE `orders` ENABLE KEYS */;
UNLOCK TABLES;
/*!40103 SET TIME_ZONE=@OLD_TIME_ZONE */;

/*!40101 SET SQL_MODE=@OLD_SQL_MODE */;
/*!40014 SET FOREIGN_KEY_CHECKS=@OLD_FOREIGN_KEY_CHECKS */;
/*!40014 SET UNIQUE_CHECKS=@OLD_UNIQUE_CHECKS */;
/*!40101 SET CHARACTER_SET_CLIENT=@OLD_CHARACTER_SET_CLIENT */;
/*!40101 SET CHARACTER_SET_RESULTS=@OLD_CHARACTER_SET_RESULTS */;
/*!40101 SET COLLATION_CONNECTION=@OLD_COLLATION_CONNECTION */;
/*!40111 SET SQL_NOTES=@OLD_SQL_NOTES */;

-- Dump completed on 2026-04-18 18:22:11
-- MySQL dump 10.13  Distrib 8.0.36, for Win64 (x86_64)
--
-- Host: localhost    Database: yogisfarm
-- ------------------------------------------------------
-- Server version	8.4.0

/*!40101 SET @OLD_CHARACTER_SET_CLIENT=@@CHARACTER_SET_CLIENT */;
/*!40101 SET @OLD_CHARACTER_SET_RESULTS=@@CHARACTER_SET_RESULTS */;
/*!40101 SET @OLD_COLLATION_CONNECTION=@@COLLATION_CONNECTION */;
/*!50503 SET NAMES utf8 */;
/*!40103 SET @OLD_TIME_ZONE=@@TIME_ZONE */;
/*!40103 SET TIME_ZONE='+00:00' */;
/*!40014 SET @OLD_UNIQUE_CHECKS=@@UNIQUE_CHECKS, UNIQUE_CHECKS=0 */;
/*!40014 SET @OLD_FOREIGN_KEY_CHECKS=@@FOREIGN_KEY_CHECKS, FOREIGN_KEY_CHECKS=0 */;
/*!40101 SET @OLD_SQL_MODE=@@SQL_MODE, SQL_MODE='NO_AUTO_VALUE_ON_ZERO' */;
/*!40111 SET @OLD_SQL_NOTES=@@SQL_NOTES, SQL_NOTES=0 */;

--
-- Table structure for table `order_items`
--

DROP TABLE IF EXISTS `order_items`;
/*!40101 SET @saved_cs_client     = @@character_set_client */;
/*!50503 SET character_set_client = utf8mb4 */;
CREATE TABLE `order_items` (
  `id` int NOT NULL AUTO_INCREMENT,
  `order_id` int NOT NULL,
  `product_id` int DEFAULT NULL,
  `name` varchar(255) COLLATE utf8mb4_unicode_ci NOT NULL,
  `variant` varchar(100) COLLATE utf8mb4_unicode_ci DEFAULT NULL,
  `brand` varchar(100) COLLATE utf8mb4_unicode_ci DEFAULT NULL,
  `price` decimal(10,2) NOT NULL,
  `discount` decimal(10,2) NOT NULL DEFAULT '0.00',
  `gst` decimal(10,2) NOT NULL DEFAULT '0.00',
  `quantity` int NOT NULL DEFAULT '1',
  `total` decimal(10,2) NOT NULL,
  PRIMARY KEY (`id`),
  KEY `order_items_order_id_fkey` (`order_id`),
  KEY `order_items_product_id_fkey` (`product_id`),
  CONSTRAINT `order_items_order_id_fkey` FOREIGN KEY (`order_id`) REFERENCES `orders` (`id`) ON DELETE CASCADE ON UPDATE CASCADE,
  CONSTRAINT `order_items_product_id_fkey` FOREIGN KEY (`product_id`) REFERENCES `products` (`id`) ON DELETE SET NULL ON UPDATE CASCADE
) ENGINE=InnoDB AUTO_INCREMENT=59 DEFAULT CHARSET=utf8mb4 COLLATE=utf8mb4_unicode_ci;
/*!40101 SET character_set_client = @saved_cs_client */;

--
-- Dumping data for table `order_items`
--

LOCK TABLES `order_items` WRITE;
/*!40000 ALTER TABLE `order_items` DISABLE KEYS */;
INSERT INTO `order_items` VALUES (1,1,7,'Lakdi Ghana Groundnut Oil',NULL,'Yogis',500.00,51.00,0.00,1,449.00),(2,1,9,'MP Sehori Wheat Atta',NULL,'Yogis',90.00,15.00,0.00,1,75.00),(3,2,5,'Tofu Soy Paneer',NULL,'Yogis',60.00,0.00,0.00,1,60.00),(4,2,8,'Lokwan Wheat Stone Ground Atta',NULL,'Yogis',80.00,15.00,0.00,1,65.00),(5,3,5,'Tofu Soy Paneer',NULL,'Yogis',60.00,0.00,0.00,2,120.00),(6,3,8,'Lokwan Wheat Stone Ground Atta',NULL,'Yogis',80.00,15.00,0.00,1,65.00),(7,3,9,'MP Sehori Wheat Atta',NULL,'Yogis',90.00,15.00,0.00,1,75.00),(8,4,4,'Premium Quality Harbara Dal',NULL,'Yogis',349.00,50.00,0.00,1,299.00),(9,4,5,'Tofu Soy Paneer',NULL,'Yogis',60.00,0.00,0.00,1,60.00),(10,5,4,'Premium Quality Harbara Dal',NULL,'Yogis',349.00,50.00,53.82,1,299.00),(11,6,5,'Tofu Soy Paneer',NULL,'Yogis',60.00,0.00,10.80,1,60.00),(12,7,1,'Premium Quality Toor Dal',NULL,'Yogis',299.00,100.00,35.82,1,199.00),(13,8,9,'MP Sehori Wheat Atta','1kg','Yogis',90.00,75.00,67.50,5,375.00),(14,8,9,'MP Sehori Wheat Atta','2kg','Yogis',180.00,400.00,252.00,10,1400.00),(15,8,5,'Tofu Soy Paneer',NULL,'Yogis',60.00,0.00,10.80,1,60.00),(16,9,5,'Tofu Soy Paneer',NULL,'Yogis',60.00,0.00,10.80,1,60.00),(17,10,8,'Lokwan Wheat Stone Ground Atta',NULL,'Yogis',80.00,15.00,11.70,1,65.00),(18,10,5,'Tofu Soy Paneer',NULL,'Yogis',60.00,0.00,10.80,1,60.00),(19,11,8,'Lokwan Wheat Stone Ground Atta',NULL,'Yogis',80.00,15.00,11.70,1,65.00),(20,11,5,'Tofu Soy Paneer',NULL,'Yogis',60.00,0.00,10.80,1,60.00),(21,12,5,'Tofu Soy Paneer',NULL,'Yogis',60.00,0.00,10.80,1,60.00),(22,12,8,'Lokwan Wheat Stone Ground Atta',NULL,'Yogis',80.00,15.00,11.70,1,65.00),(23,13,5,'Tofu Soy Paneer',NULL,'Yogis',60.00,0.00,10.80,1,60.00),(24,13,4,'Premium Quality Harbara Dal',NULL,'Yogis',349.00,50.00,53.82,1,299.00),(25,14,8,'Lokwan Wheat Stone Ground Atta',NULL,'Yogis',80.00,15.00,11.70,1,65.00),(26,15,8,'Lokwan Wheat Stone Ground Atta',NULL,'Yogis',80.00,15.00,11.70,1,65.00),(27,16,8,'Lokwan Wheat Stone Ground Atta',NULL,'Yogis',80.00,15.00,11.70,1,65.00),(28,17,7,'Lakdi Ghana Groundnut Oil',NULL,'Yogis',500.00,51.00,80.82,1,449.00),(29,18,8,'Lokwan Wheat Stone Ground Atta',NULL,'Yogis',80.00,15.00,11.70,1,65.00),(30,19,8,'Lokwan Wheat Stone Ground Atta',NULL,'Yogis',80.00,15.00,11.70,1,65.00),(31,19,7,'Lakdi Ghana Groundnut Oil',NULL,'Yogis',500.00,51.00,80.82,1,449.00),(32,20,8,'Lokwan Wheat Stone Ground Atta',NULL,'Yogis',80.00,15.00,11.70,1,65.00),(33,21,8,'Lokwan Wheat Stone Ground Atta',NULL,'Yogis',80.00,15.00,11.70,1,65.00),(34,22,8,'Lokwan Wheat Stone Ground Atta',NULL,'Yogis',80.00,15.00,11.70,1,65.00),(35,22,9,'MP Sehori Wheat Atta',NULL,'Yogis',90.00,15.00,13.50,1,75.00),(36,23,8,'Lokwan Wheat Stone Ground Atta',NULL,'Yogis',80.00,15.00,11.70,1,65.00),(37,23,9,'MP Sehori Wheat Atta',NULL,'Yogis',90.00,15.00,13.50,1,75.00),(38,24,8,'Lokwan Wheat Stone Ground Atta',NULL,'Yogis',80.00,15.00,11.70,1,65.00),(39,24,9,'MP Sehori Wheat Atta',NULL,'Yogis',90.00,15.00,13.50,1,75.00),(40,25,5,'Tofu Soy Paneer',NULL,'Yogis',60.00,0.00,10.80,1,60.00),(41,26,9,'MP Sehori Wheat Atta',NULL,'Yogis',90.00,15.00,13.50,1,75.00),(42,26,8,'Lokwan Wheat Stone Ground Atta',NULL,'Yogis',80.00,15.00,11.70,1,65.00),(43,27,9,'MP Sehori Wheat Atta',NULL,'Yogis',90.00,15.00,13.50,1,75.00),(44,27,8,'Lokwan Wheat Stone Ground Atta',NULL,'Yogis',80.00,15.00,11.70,1,65.00),(45,28,9,'MP Sehori Wheat Atta',NULL,'Yogis',90.00,15.00,13.50,1,75.00),(46,28,8,'Lokwan Wheat Stone Ground Atta',NULL,'Yogis',80.00,15.00,11.70,1,65.00),(47,29,8,'Lokwan Wheat Stone Ground Atta',NULL,'Yogis',80.00,15.00,11.70,1,65.00),(48,29,5,'Tofu Soy Paneer',NULL,'Yogis',60.00,0.00,10.80,1,60.00),(49,30,8,'Lokwan Wheat Stone Ground Atta',NULL,'Yogis',80.00,15.00,11.70,1,65.00),(50,31,8,'Lokwan Wheat Stone Ground Atta',NULL,'Yogis',80.00,15.00,11.70,1,65.00),(51,32,3,'Premium Quality Urad Dal',NULL,'Yogis',349.00,80.00,48.42,1,269.00),(52,33,9,'MP Sehori Wheat Atta',NULL,'Yogis',90.00,15.00,13.50,1,75.00),(53,34,9,'MP Sehori Wheat Atta',NULL,'Yogis',90.00,15.00,13.50,1,75.00),(54,35,4,'Premium Quality Harbara Dal',NULL,'Yogis',349.00,50.00,53.82,1,299.00),(55,36,9,'MP Sehori Wheat Atta',NULL,'Yogis',90.00,15.00,13.50,1,75.00),(56,36,3,'Premium Quality Urad Dal',NULL,'Yogis',349.00,80.00,48.42,1,269.00),(57,37,5,'Tofu Soy Paneer',NULL,'Yogis',60.00,0.00,10.80,1,60.00),(58,38,5,'Tofu Soy Paneer',NULL,'Yogis',60.00,0.00,10.80,1,60.00);
/*!40000 ALTER TABLE `order_items` ENABLE KEYS */;
UNLOCK TABLES;
/*!40103 SET TIME_ZONE=@OLD_TIME_ZONE */;

/*!40101 SET SQL_MODE=@OLD_SQL_MODE */;
/*!40014 SET FOREIGN_KEY_CHECKS=@OLD_FOREIGN_KEY_CHECKS */;
/*!40014 SET UNIQUE_CHECKS=@OLD_UNIQUE_CHECKS */;
/*!40101 SET CHARACTER_SET_CLIENT=@OLD_CHARACTER_SET_CLIENT */;
/*!40101 SET CHARACTER_SET_RESULTS=@OLD_CHARACTER_SET_RESULTS */;
/*!40101 SET COLLATION_CONNECTION=@OLD_COLLATION_CONNECTION */;
/*!40111 SET SQL_NOTES=@OLD_SQL_NOTES */;

-- Dump completed on 2026-04-18 18:22:12
-- MySQL dump 10.13  Distrib 8.0.36, for Win64 (x86_64)
--
-- Host: localhost    Database: yogisfarm
-- ------------------------------------------------------
-- Server version	8.4.0

/*!40101 SET @OLD_CHARACTER_SET_CLIENT=@@CHARACTER_SET_CLIENT */;
/*!40101 SET @OLD_CHARACTER_SET_RESULTS=@@CHARACTER_SET_RESULTS */;
/*!40101 SET @OLD_COLLATION_CONNECTION=@@COLLATION_CONNECTION */;
/*!50503 SET NAMES utf8 */;
/*!40103 SET @OLD_TIME_ZONE=@@TIME_ZONE */;
/*!40103 SET TIME_ZONE='+00:00' */;
/*!40014 SET @OLD_UNIQUE_CHECKS=@@UNIQUE_CHECKS, UNIQUE_CHECKS=0 */;
/*!40014 SET @OLD_FOREIGN_KEY_CHECKS=@@FOREIGN_KEY_CHECKS, FOREIGN_KEY_CHECKS=0 */;
/*!40101 SET @OLD_SQL_MODE=@@SQL_MODE, SQL_MODE='NO_AUTO_VALUE_ON_ZERO' */;
/*!40111 SET @OLD_SQL_NOTES=@@SQL_NOTES, SQL_NOTES=0 */;

--
-- Table structure for table `products`
--

DROP TABLE IF EXISTS `products`;
/*!40101 SET @saved_cs_client     = @@character_set_client */;
/*!50503 SET character_set_client = utf8mb4 */;
CREATE TABLE `products` (
  `id` int NOT NULL AUTO_INCREMENT,
  `name` varchar(255) COLLATE utf8mb4_unicode_ci NOT NULL,
  `slug` varchar(280) COLLATE utf8mb4_unicode_ci NOT NULL,
  `short_description` varchar(500) COLLATE utf8mb4_unicode_ci DEFAULT NULL,
  `description` text COLLATE utf8mb4_unicode_ci,
  `category_id` int DEFAULT NULL,
  `brand_id` int DEFAULT NULL,
  `tax_id` int DEFAULT NULL,
  `price` decimal(10,2) NOT NULL DEFAULT '0.00',
  `sale_price` decimal(10,2) DEFAULT NULL,
  `image` varchar(500) COLLATE utf8mb4_unicode_ci DEFAULT NULL,
  `hover_image` varchar(500) COLLATE utf8mb4_unicode_ci DEFAULT NULL,
  `video` varchar(500) COLLATE utf8mb4_unicode_ci DEFAULT NULL,
  `tags` varchar(500) COLLATE utf8mb4_unicode_ci DEFAULT NULL,
  `stock` int NOT NULL DEFAULT '0',
  `unit` varchar(50) COLLATE utf8mb4_unicode_ci DEFAULT NULL,
  `featured` tinyint(1) NOT NULL DEFAULT '0',
  `popular` tinyint(1) NOT NULL DEFAULT '0',
  `deal` tinyint(1) NOT NULL DEFAULT '0',
  `status` varchar(20) COLLATE utf8mb4_unicode_ci NOT NULL DEFAULT 'active',
  `created_at` datetime(3) NOT NULL DEFAULT CURRENT_TIMESTAMP(3),
  `updated_at` datetime(3) NOT NULL,
  PRIMARY KEY (`id`),
  UNIQUE KEY `products_slug_key` (`slug`),
  KEY `products_category_id_fkey` (`category_id`),
  KEY `products_brand_id_fkey` (`brand_id`),
  KEY `products_tax_id_fkey` (`tax_id`),
  CONSTRAINT `products_brand_id_fkey` FOREIGN KEY (`brand_id`) REFERENCES `brands` (`id`) ON DELETE SET NULL ON UPDATE CASCADE,
  CONSTRAINT `products_category_id_fkey` FOREIGN KEY (`category_id`) REFERENCES `categories` (`id`) ON DELETE SET NULL ON UPDATE CASCADE,
  CONSTRAINT `products_tax_id_fkey` FOREIGN KEY (`tax_id`) REFERENCES `taxes` (`id`) ON DELETE SET NULL ON UPDATE CASCADE
) ENGINE=InnoDB AUTO_INCREMENT=10 DEFAULT CHARSET=utf8mb4 COLLATE=utf8mb4_unicode_ci;
/*!40101 SET character_set_client = @saved_cs_client */;

--
-- Dumping data for table `products`
--

LOCK TABLES `products` WRITE;
/*!40000 ALTER TABLE `products` DISABLE KEYS */;
INSERT INTO `products` VALUES (1,'Premium Quality Toor Dal','premium-quality-toor-dal','Farm-fresh, protein-rich Toor Dal for everyday cooking.','',5,1,4,299.00,199.00,'/uploads/source/Product/dal/Toor-Dac924.jpg',NULL,'','',99,'1 Kg',1,0,1,'active','2026-04-09 13:00:38.953','2026-04-16 13:18:10.452'),(2,'Premium Quality Moong Dal','premium-quality-moong-dal','Nutritious and light Moong Dal for healthy meals.','',5,1,4,399.00,299.00,'/uploads/source/Product/dal/Moog-Dalc924.jpg',NULL,'','',100,'1 Kg',1,0,1,'active','2026-04-09 13:00:38.960','2026-04-15 12:15:17.359'),(3,'Premium Quality Urad Dal','premium-quality-urad-dal','Authentic Urad Dal with rich flavor and texture.','',5,1,4,349.00,269.00,'/uploads/source/Product/dal/urad-Dalc924.jpg',NULL,'','',98,'1 Kg',1,0,1,'active','2026-04-09 13:00:38.966','2026-04-17 12:18:47.401'),(4,'Premium Quality Harbara Dal','premium-quality-harbara-dal','Nutritious Harbara Dal with authentic taste.','',5,1,4,349.00,299.00,'/uploads/source/Product/dal/Harbara-Dalc924.jpg',NULL,'','',98,'1 Kg',1,0,1,'active','2026-04-09 13:00:38.970','2026-04-17 12:10:27.634'),(5,'Tofu Soy Paneer','tofu-soy-paneer','Our tofu is crafted to provide a rich source of protein.','',6,1,4,60.00,NULL,'/uploads/source/Product/tofu/tofuc924.jpg',NULL,'','',40,'200g',1,0,1,'active','2026-04-09 13:00:38.976','2026-04-17 12:46:59.357'),(6,'Lakdi Ghana Sunflower Oil','lakdi-ghana-sunflower-oil','Wood-pressed sunflower oil for healthy cooking.','',4,1,4,450.00,399.00,'/uploads/source/Product/Sunflower-Oil/Sunflower-Oil-01c924.jpg',NULL,'','',80,'1 Ltr',0,1,0,'active','2026-04-09 13:00:38.981','2026-04-15 12:15:17.359'),(7,'Lakdi Ghana Groundnut Oil','lakdi-ghana-groundnut-oil','Traditional wood-pressed groundnut oil.','',4,1,4,500.00,449.00,'/uploads/source/Product/Groundnut_oil/Groundnut-Oil-1c924.jpg',NULL,'','',78,'1 Ltr',0,1,0,'active','2026-04-09 13:00:38.985','2026-04-17 06:25:39.672'),(8,'Lokwan Wheat Stone Ground Atta','lokwan-wheat-stone-ground-atta','Traditional chakki-ground wheat flour.','test desc',3,1,NULL,80.00,65.00,'/uploads/source/Lokwan_Wheat_Atta_(2)c924.jpg',NULL,'https://www.google.com/','',182,'1 Kg',1,1,0,'active','2026-04-09 13:00:38.989','2026-04-17 11:10:51.245'),(9,'MP Sehori Wheat Atta','mp-sehori-wheat-atta','Premium MP wheat stone ground atta.','',1,1,NULL,90.00,75.00,'/uploads/source/Bag_v002c924.jpg',NULL,'','',141,'1 Kg',1,1,0,'active','2026-04-09 13:00:38.994','2026-04-17 12:18:47.393');
/*!40000 ALTER TABLE `products` ENABLE KEYS */;
UNLOCK TABLES;
/*!40103 SET TIME_ZONE=@OLD_TIME_ZONE */;

/*!40101 SET SQL_MODE=@OLD_SQL_MODE */;
/*!40014 SET FOREIGN_KEY_CHECKS=@OLD_FOREIGN_KEY_CHECKS */;
/*!40014 SET UNIQUE_CHECKS=@OLD_UNIQUE_CHECKS */;
/*!40101 SET CHARACTER_SET_CLIENT=@OLD_CHARACTER_SET_CLIENT */;
/*!40101 SET CHARACTER_SET_RESULTS=@OLD_CHARACTER_SET_RESULTS */;
/*!40101 SET COLLATION_CONNECTION=@OLD_COLLATION_CONNECTION */;
/*!40111 SET SQL_NOTES=@OLD_SQL_NOTES */;

-- Dump completed on 2026-04-18 18:22:14
-- MySQL dump 10.13  Distrib 8.0.36, for Win64 (x86_64)
--
-- Host: localhost    Database: yogisfarm
-- ------------------------------------------------------
-- Server version	8.4.0

/*!40101 SET @OLD_CHARACTER_SET_CLIENT=@@CHARACTER_SET_CLIENT */;
/*!40101 SET @OLD_CHARACTER_SET_RESULTS=@@CHARACTER_SET_RESULTS */;
/*!40101 SET @OLD_COLLATION_CONNECTION=@@COLLATION_CONNECTION */;
/*!50503 SET NAMES utf8 */;
/*!40103 SET @OLD_TIME_ZONE=@@TIME_ZONE */;
/*!40103 SET TIME_ZONE='+00:00' */;
/*!40014 SET @OLD_UNIQUE_CHECKS=@@UNIQUE_CHECKS, UNIQUE_CHECKS=0 */;
/*!40014 SET @OLD_FOREIGN_KEY_CHECKS=@@FOREIGN_KEY_CHECKS, FOREIGN_KEY_CHECKS=0 */;
/*!40101 SET @OLD_SQL_MODE=@@SQL_MODE, SQL_MODE='NO_AUTO_VALUE_ON_ZERO' */;
/*!40111 SET @OLD_SQL_NOTES=@@SQL_NOTES, SQL_NOTES=0 */;

--
-- Table structure for table `product_benefits`
--

DROP TABLE IF EXISTS `product_benefits`;
/*!40101 SET @saved_cs_client     = @@character_set_client */;
/*!50503 SET character_set_client = utf8mb4 */;
CREATE TABLE `product_benefits` (
  `id` int NOT NULL AUTO_INCREMENT,
  `product_id` int NOT NULL,
  `title` varchar(200) COLLATE utf8mb4_unicode_ci NOT NULL,
  `description` text COLLATE utf8mb4_unicode_ci NOT NULL,
  PRIMARY KEY (`id`),
  KEY `product_benefits_product_id_fkey` (`product_id`),
  CONSTRAINT `product_benefits_product_id_fkey` FOREIGN KEY (`product_id`) REFERENCES `products` (`id`) ON DELETE CASCADE ON UPDATE CASCADE
) ENGINE=InnoDB DEFAULT CHARSET=utf8mb4 COLLATE=utf8mb4_unicode_ci;
/*!40101 SET character_set_client = @saved_cs_client */;

--
-- Dumping data for table `product_benefits`
--

LOCK TABLES `product_benefits` WRITE;
/*!40000 ALTER TABLE `product_benefits` DISABLE KEYS */;
/*!40000 ALTER TABLE `product_benefits` ENABLE KEYS */;
UNLOCK TABLES;
/*!40103 SET TIME_ZONE=@OLD_TIME_ZONE */;

/*!40101 SET SQL_MODE=@OLD_SQL_MODE */;
/*!40014 SET FOREIGN_KEY_CHECKS=@OLD_FOREIGN_KEY_CHECKS */;
/*!40014 SET UNIQUE_CHECKS=@OLD_UNIQUE_CHECKS */;
/*!40101 SET CHARACTER_SET_CLIENT=@OLD_CHARACTER_SET_CLIENT */;
/*!40101 SET CHARACTER_SET_RESULTS=@OLD_CHARACTER_SET_RESULTS */;
/*!40101 SET COLLATION_CONNECTION=@OLD_COLLATION_CONNECTION */;
/*!40111 SET SQL_NOTES=@OLD_SQL_NOTES */;

-- Dump completed on 2026-04-18 18:22:12
-- MySQL dump 10.13  Distrib 8.0.36, for Win64 (x86_64)
--
-- Host: localhost    Database: yogisfarm
-- ------------------------------------------------------
-- Server version	8.4.0

/*!40101 SET @OLD_CHARACTER_SET_CLIENT=@@CHARACTER_SET_CLIENT */;
/*!40101 SET @OLD_CHARACTER_SET_RESULTS=@@CHARACTER_SET_RESULTS */;
/*!40101 SET @OLD_COLLATION_CONNECTION=@@COLLATION_CONNECTION */;
/*!50503 SET NAMES utf8 */;
/*!40103 SET @OLD_TIME_ZONE=@@TIME_ZONE */;
/*!40103 SET TIME_ZONE='+00:00' */;
/*!40014 SET @OLD_UNIQUE_CHECKS=@@UNIQUE_CHECKS, UNIQUE_CHECKS=0 */;
/*!40014 SET @OLD_FOREIGN_KEY_CHECKS=@@FOREIGN_KEY_CHECKS, FOREIGN_KEY_CHECKS=0 */;
/*!40101 SET @OLD_SQL_MODE=@@SQL_MODE, SQL_MODE='NO_AUTO_VALUE_ON_ZERO' */;
/*!40111 SET @OLD_SQL_NOTES=@@SQL_NOTES, SQL_NOTES=0 */;

--
-- Table structure for table `product_features`
--

DROP TABLE IF EXISTS `product_features`;
/*!40101 SET @saved_cs_client     = @@character_set_client */;
/*!50503 SET character_set_client = utf8mb4 */;
CREATE TABLE `product_features` (
  `id` int NOT NULL AUTO_INCREMENT,
  `product_id` int NOT NULL,
  `feature` varchar(200) COLLATE utf8mb4_unicode_ci NOT NULL,
  `description` text COLLATE utf8mb4_unicode_ci NOT NULL,
  PRIMARY KEY (`id`),
  KEY `product_features_product_id_fkey` (`product_id`),
  CONSTRAINT `product_features_product_id_fkey` FOREIGN KEY (`product_id`) REFERENCES `products` (`id`) ON DELETE CASCADE ON UPDATE CASCADE
) ENGINE=InnoDB DEFAULT CHARSET=utf8mb4 COLLATE=utf8mb4_unicode_ci;
/*!40101 SET character_set_client = @saved_cs_client */;

--
-- Dumping data for table `product_features`
--

LOCK TABLES `product_features` WRITE;
/*!40000 ALTER TABLE `product_features` DISABLE KEYS */;
/*!40000 ALTER TABLE `product_features` ENABLE KEYS */;
UNLOCK TABLES;
/*!40103 SET TIME_ZONE=@OLD_TIME_ZONE */;

/*!40101 SET SQL_MODE=@OLD_SQL_MODE */;
/*!40014 SET FOREIGN_KEY_CHECKS=@OLD_FOREIGN_KEY_CHECKS */;
/*!40014 SET UNIQUE_CHECKS=@OLD_UNIQUE_CHECKS */;
/*!40101 SET CHARACTER_SET_CLIENT=@OLD_CHARACTER_SET_CLIENT */;
/*!40101 SET CHARACTER_SET_RESULTS=@OLD_CHARACTER_SET_RESULTS */;
/*!40101 SET COLLATION_CONNECTION=@OLD_COLLATION_CONNECTION */;
/*!40111 SET SQL_NOTES=@OLD_SQL_NOTES */;

-- Dump completed on 2026-04-18 18:22:14
-- MySQL dump 10.13  Distrib 8.0.36, for Win64 (x86_64)
--
-- Host: localhost    Database: yogisfarm
-- ------------------------------------------------------
-- Server version	8.4.0

/*!40101 SET @OLD_CHARACTER_SET_CLIENT=@@CHARACTER_SET_CLIENT */;
/*!40101 SET @OLD_CHARACTER_SET_RESULTS=@@CHARACTER_SET_RESULTS */;
/*!40101 SET @OLD_COLLATION_CONNECTION=@@COLLATION_CONNECTION */;
/*!50503 SET NAMES utf8 */;
/*!40103 SET @OLD_TIME_ZONE=@@TIME_ZONE */;
/*!40103 SET TIME_ZONE='+00:00' */;
/*!40014 SET @OLD_UNIQUE_CHECKS=@@UNIQUE_CHECKS, UNIQUE_CHECKS=0 */;
/*!40014 SET @OLD_FOREIGN_KEY_CHECKS=@@FOREIGN_KEY_CHECKS, FOREIGN_KEY_CHECKS=0 */;
/*!40101 SET @OLD_SQL_MODE=@@SQL_MODE, SQL_MODE='NO_AUTO_VALUE_ON_ZERO' */;
/*!40111 SET @OLD_SQL_NOTES=@@SQL_NOTES, SQL_NOTES=0 */;

--
-- Table structure for table `product_images`
--

DROP TABLE IF EXISTS `product_images`;
/*!40101 SET @saved_cs_client     = @@character_set_client */;
/*!50503 SET character_set_client = utf8mb4 */;
CREATE TABLE `product_images` (
  `id` int NOT NULL AUTO_INCREMENT,
  `product_id` int NOT NULL,
  `image` varchar(500) COLLATE utf8mb4_unicode_ci NOT NULL,
  `sort_order` int NOT NULL DEFAULT '0',
  PRIMARY KEY (`id`),
  KEY `product_images_product_id_fkey` (`product_id`),
  CONSTRAINT `product_images_product_id_fkey` FOREIGN KEY (`product_id`) REFERENCES `products` (`id`) ON DELETE CASCADE ON UPDATE CASCADE
) ENGINE=InnoDB AUTO_INCREMENT=4 DEFAULT CHARSET=utf8mb4 COLLATE=utf8mb4_unicode_ci;
/*!40101 SET character_set_client = @saved_cs_client */;

--
-- Dumping data for table `product_images`
--

LOCK TABLES `product_images` WRITE;
/*!40000 ALTER TABLE `product_images` DISABLE KEYS */;
INSERT INTO `product_images` VALUES (3,9,'/uploads/categories/1775816360137-lokwan_wheat_atta.jpg',0);
/*!40000 ALTER TABLE `product_images` ENABLE KEYS */;
UNLOCK TABLES;
/*!40103 SET TIME_ZONE=@OLD_TIME_ZONE */;

/*!40101 SET SQL_MODE=@OLD_SQL_MODE */;
/*!40014 SET FOREIGN_KEY_CHECKS=@OLD_FOREIGN_KEY_CHECKS */;
/*!40014 SET UNIQUE_CHECKS=@OLD_UNIQUE_CHECKS */;
/*!40101 SET CHARACTER_SET_CLIENT=@OLD_CHARACTER_SET_CLIENT */;
/*!40101 SET CHARACTER_SET_RESULTS=@OLD_CHARACTER_SET_RESULTS */;
/*!40101 SET COLLATION_CONNECTION=@OLD_COLLATION_CONNECTION */;
/*!40111 SET SQL_NOTES=@OLD_SQL_NOTES */;

-- Dump completed on 2026-04-18 18:22:12
-- MySQL dump 10.13  Distrib 8.0.36, for Win64 (x86_64)
--
-- Host: localhost    Database: yogisfarm
-- ------------------------------------------------------
-- Server version	8.4.0

/*!40101 SET @OLD_CHARACTER_SET_CLIENT=@@CHARACTER_SET_CLIENT */;
/*!40101 SET @OLD_CHARACTER_SET_RESULTS=@@CHARACTER_SET_RESULTS */;
/*!40101 SET @OLD_COLLATION_CONNECTION=@@COLLATION_CONNECTION */;
/*!50503 SET NAMES utf8 */;
/*!40103 SET @OLD_TIME_ZONE=@@TIME_ZONE */;
/*!40103 SET TIME_ZONE='+00:00' */;
/*!40014 SET @OLD_UNIQUE_CHECKS=@@UNIQUE_CHECKS, UNIQUE_CHECKS=0 */;
/*!40014 SET @OLD_FOREIGN_KEY_CHECKS=@@FOREIGN_KEY_CHECKS, FOREIGN_KEY_CHECKS=0 */;
/*!40101 SET @OLD_SQL_MODE=@@SQL_MODE, SQL_MODE='NO_AUTO_VALUE_ON_ZERO' */;
/*!40111 SET @OLD_SQL_NOTES=@@SQL_NOTES, SQL_NOTES=0 */;

--
-- Table structure for table `product_variants`
--

DROP TABLE IF EXISTS `product_variants`;
/*!40101 SET @saved_cs_client     = @@character_set_client */;
/*!50503 SET character_set_client = utf8mb4 */;
CREATE TABLE `product_variants` (
  `id` int NOT NULL AUTO_INCREMENT,
  `product_id` int NOT NULL,
  `name` varchar(100) COLLATE utf8mb4_unicode_ci NOT NULL,
  `price` decimal(10,2) NOT NULL,
  `sale_price` decimal(10,2) DEFAULT NULL,
  `stock` int NOT NULL DEFAULT '0',
  PRIMARY KEY (`id`),
  KEY `product_variants_product_id_fkey` (`product_id`),
  CONSTRAINT `product_variants_product_id_fkey` FOREIGN KEY (`product_id`) REFERENCES `products` (`id`) ON DELETE CASCADE ON UPDATE CASCADE
) ENGINE=InnoDB AUTO_INCREMENT=4 DEFAULT CHARSET=utf8mb4 COLLATE=utf8mb4_unicode_ci;
/*!40101 SET character_set_client = @saved_cs_client */;

--
-- Dumping data for table `product_variants`
--

LOCK TABLES `product_variants` WRITE;
/*!40000 ALTER TABLE `product_variants` DISABLE KEYS */;
INSERT INTO `product_variants` VALUES (2,9,'2kg',180.00,140.00,0),(3,9,'1kg',90.00,75.00,0);
/*!40000 ALTER TABLE `product_variants` ENABLE KEYS */;
UNLOCK TABLES;
/*!40103 SET TIME_ZONE=@OLD_TIME_ZONE */;

/*!40101 SET SQL_MODE=@OLD_SQL_MODE */;
/*!40014 SET FOREIGN_KEY_CHECKS=@OLD_FOREIGN_KEY_CHECKS */;
/*!40014 SET UNIQUE_CHECKS=@OLD_UNIQUE_CHECKS */;
/*!40101 SET CHARACTER_SET_CLIENT=@OLD_CHARACTER_SET_CLIENT */;
/*!40101 SET CHARACTER_SET_RESULTS=@OLD_CHARACTER_SET_RESULTS */;
/*!40101 SET COLLATION_CONNECTION=@OLD_COLLATION_CONNECTION */;
/*!40111 SET SQL_NOTES=@OLD_SQL_NOTES */;

-- Dump completed on 2026-04-18 18:22:12
-- MySQL dump 10.13  Distrib 8.0.36, for Win64 (x86_64)
--
-- Host: localhost    Database: yogisfarm
-- ------------------------------------------------------
-- Server version	8.4.0

/*!40101 SET @OLD_CHARACTER_SET_CLIENT=@@CHARACTER_SET_CLIENT */;
/*!40101 SET @OLD_CHARACTER_SET_RESULTS=@@CHARACTER_SET_RESULTS */;
/*!40101 SET @OLD_COLLATION_CONNECTION=@@COLLATION_CONNECTION */;
/*!50503 SET NAMES utf8 */;
/*!40103 SET @OLD_TIME_ZONE=@@TIME_ZONE */;
/*!40103 SET TIME_ZONE='+00:00' */;
/*!40014 SET @OLD_UNIQUE_CHECKS=@@UNIQUE_CHECKS, UNIQUE_CHECKS=0 */;
/*!40014 SET @OLD_FOREIGN_KEY_CHECKS=@@FOREIGN_KEY_CHECKS, FOREIGN_KEY_CHECKS=0 */;
/*!40101 SET @OLD_SQL_MODE=@@SQL_MODE, SQL_MODE='NO_AUTO_VALUE_ON_ZERO' */;
/*!40111 SET @OLD_SQL_NOTES=@@SQL_NOTES, SQL_NOTES=0 */;

--
-- Table structure for table `reviews`
--

DROP TABLE IF EXISTS `reviews`;
/*!40101 SET @saved_cs_client     = @@character_set_client */;
/*!50503 SET character_set_client = utf8mb4 */;
CREATE TABLE `reviews` (
  `id` int NOT NULL AUTO_INCREMENT,
  `user_id` int NOT NULL,
  `product_id` int NOT NULL,
  `rating` int NOT NULL DEFAULT '5',
  `comment` text COLLATE utf8mb4_unicode_ci,
  `status` varchar(20) COLLATE utf8mb4_unicode_ci NOT NULL DEFAULT 'active',
  `created_at` datetime(3) NOT NULL DEFAULT CURRENT_TIMESTAMP(3),
  PRIMARY KEY (`id`),
  KEY `reviews_user_id_fkey` (`user_id`),
  KEY `reviews_product_id_fkey` (`product_id`),
  CONSTRAINT `reviews_product_id_fkey` FOREIGN KEY (`product_id`) REFERENCES `products` (`id`) ON DELETE CASCADE ON UPDATE CASCADE,
  CONSTRAINT `reviews_user_id_fkey` FOREIGN KEY (`user_id`) REFERENCES `users` (`id`) ON DELETE CASCADE ON UPDATE CASCADE
) ENGINE=InnoDB AUTO_INCREMENT=3 DEFAULT CHARSET=utf8mb4 COLLATE=utf8mb4_unicode_ci;
/*!40101 SET character_set_client = @saved_cs_client */;

--
-- Dumping data for table `reviews`
--

LOCK TABLES `reviews` WRITE;
/*!40000 ALTER TABLE `reviews` DISABLE KEYS */;
INSERT INTO `reviews` VALUES (1,1,7,5,'best product ','active','2026-04-14 11:12:48.353'),(2,1,9,5,'great','active','2026-04-14 11:12:53.593');
/*!40000 ALTER TABLE `reviews` ENABLE KEYS */;
UNLOCK TABLES;
/*!40103 SET TIME_ZONE=@OLD_TIME_ZONE */;

/*!40101 SET SQL_MODE=@OLD_SQL_MODE */;
/*!40014 SET FOREIGN_KEY_CHECKS=@OLD_FOREIGN_KEY_CHECKS */;
/*!40014 SET UNIQUE_CHECKS=@OLD_UNIQUE_CHECKS */;
/*!40101 SET CHARACTER_SET_CLIENT=@OLD_CHARACTER_SET_CLIENT */;
/*!40101 SET CHARACTER_SET_RESULTS=@OLD_CHARACTER_SET_RESULTS */;
/*!40101 SET COLLATION_CONNECTION=@OLD_COLLATION_CONNECTION */;
/*!40111 SET SQL_NOTES=@OLD_SQL_NOTES */;

-- Dump completed on 2026-04-18 18:22:15
-- MySQL dump 10.13  Distrib 8.0.36, for Win64 (x86_64)
--
-- Host: localhost    Database: yogisfarm
-- ------------------------------------------------------
-- Server version	8.4.0

/*!40101 SET @OLD_CHARACTER_SET_CLIENT=@@CHARACTER_SET_CLIENT */;
/*!40101 SET @OLD_CHARACTER_SET_RESULTS=@@CHARACTER_SET_RESULTS */;
/*!40101 SET @OLD_COLLATION_CONNECTION=@@COLLATION_CONNECTION */;
/*!50503 SET NAMES utf8 */;
/*!40103 SET @OLD_TIME_ZONE=@@TIME_ZONE */;
/*!40103 SET TIME_ZONE='+00:00' */;
/*!40014 SET @OLD_UNIQUE_CHECKS=@@UNIQUE_CHECKS, UNIQUE_CHECKS=0 */;
/*!40014 SET @OLD_FOREIGN_KEY_CHECKS=@@FOREIGN_KEY_CHECKS, FOREIGN_KEY_CHECKS=0 */;
/*!40101 SET @OLD_SQL_MODE=@@SQL_MODE, SQL_MODE='NO_AUTO_VALUE_ON_ZERO' */;
/*!40111 SET @OLD_SQL_NOTES=@@SQL_NOTES, SQL_NOTES=0 */;

--
-- Table structure for table `sections`
--

DROP TABLE IF EXISTS `sections`;
/*!40101 SET @saved_cs_client     = @@character_set_client */;
/*!50503 SET character_set_client = utf8mb4 */;
CREATE TABLE `sections` (
  `id` int NOT NULL AUTO_INCREMENT,
  `name` varchar(100) COLLATE utf8mb4_unicode_ci NOT NULL,
  `category_id` int DEFAULT NULL,
  `sort_order` int NOT NULL DEFAULT '0',
  `status` varchar(20) COLLATE utf8mb4_unicode_ci NOT NULL DEFAULT 'active',
  `created_at` datetime(3) NOT NULL DEFAULT CURRENT_TIMESTAMP(3),
  `updated_at` datetime(3) NOT NULL,
  PRIMARY KEY (`id`),
  KEY `sections_category_id_fkey` (`category_id`),
  CONSTRAINT `sections_category_id_fkey` FOREIGN KEY (`category_id`) REFERENCES `categories` (`id`) ON DELETE SET NULL ON UPDATE CASCADE
) ENGINE=InnoDB AUTO_INCREMENT=5 DEFAULT CHARSET=utf8mb4 COLLATE=utf8mb4_unicode_ci;
/*!40101 SET character_set_client = @saved_cs_client */;

--
-- Dumping data for table `sections`
--

LOCK TABLES `sections` WRITE;
/*!40000 ALTER TABLE `sections` DISABLE KEYS */;
INSERT INTO `sections` VALUES (1,'Premium Quality Dal',5,0,'active','2026-04-09 13:00:38.999','2026-04-17 10:46:47.745'),(2,'Lakdi Ghana Oil',4,3,'active','2026-04-09 13:00:39.003','2026-04-17 10:46:47.781'),(3,'TestSec2',4,1,'active','2026-04-10 05:53:55.727','2026-04-17 10:46:47.771'),(4,'premioum atta',5,2,'active','2026-04-17 05:13:13.803','2026-04-17 10:46:47.777');
/*!40000 ALTER TABLE `sections` ENABLE KEYS */;
UNLOCK TABLES;
/*!40103 SET TIME_ZONE=@OLD_TIME_ZONE */;

/*!40101 SET SQL_MODE=@OLD_SQL_MODE */;
/*!40014 SET FOREIGN_KEY_CHECKS=@OLD_FOREIGN_KEY_CHECKS */;
/*!40014 SET UNIQUE_CHECKS=@OLD_UNIQUE_CHECKS */;
/*!40101 SET CHARACTER_SET_CLIENT=@OLD_CHARACTER_SET_CLIENT */;
/*!40101 SET CHARACTER_SET_RESULTS=@OLD_CHARACTER_SET_RESULTS */;
/*!40101 SET COLLATION_CONNECTION=@OLD_COLLATION_CONNECTION */;
/*!40111 SET SQL_NOTES=@OLD_SQL_NOTES */;

-- Dump completed on 2026-04-18 18:22:14
-- MySQL dump 10.13  Distrib 8.0.36, for Win64 (x86_64)
--
-- Host: localhost    Database: yogisfarm
-- ------------------------------------------------------
-- Server version	8.4.0

/*!40101 SET @OLD_CHARACTER_SET_CLIENT=@@CHARACTER_SET_CLIENT */;
/*!40101 SET @OLD_CHARACTER_SET_RESULTS=@@CHARACTER_SET_RESULTS */;
/*!40101 SET @OLD_COLLATION_CONNECTION=@@COLLATION_CONNECTION */;
/*!50503 SET NAMES utf8 */;
/*!40103 SET @OLD_TIME_ZONE=@@TIME_ZONE */;
/*!40103 SET TIME_ZONE='+00:00' */;
/*!40014 SET @OLD_UNIQUE_CHECKS=@@UNIQUE_CHECKS, UNIQUE_CHECKS=0 */;
/*!40014 SET @OLD_FOREIGN_KEY_CHECKS=@@FOREIGN_KEY_CHECKS, FOREIGN_KEY_CHECKS=0 */;
/*!40101 SET @OLD_SQL_MODE=@@SQL_MODE, SQL_MODE='NO_AUTO_VALUE_ON_ZERO' */;
/*!40111 SET @OLD_SQL_NOTES=@@SQL_NOTES, SQL_NOTES=0 */;

--
-- Table structure for table `sessions`
--

DROP TABLE IF EXISTS `sessions`;
/*!40101 SET @saved_cs_client     = @@character_set_client */;
/*!50503 SET character_set_client = utf8mb4 */;
CREATE TABLE `sessions` (
  `id` int NOT NULL AUTO_INCREMENT,
  `sid` varchar(191) COLLATE utf8mb4_unicode_ci NOT NULL,
  `data` text COLLATE utf8mb4_unicode_ci NOT NULL,
  `expiresAt` datetime(3) NOT NULL,
  `created_at` datetime(3) NOT NULL DEFAULT CURRENT_TIMESTAMP(3),
  PRIMARY KEY (`id`),
  UNIQUE KEY `sessions_sid_key` (`sid`)
) ENGINE=InnoDB AUTO_INCREMENT=7 DEFAULT CHARSET=utf8mb4 COLLATE=utf8mb4_unicode_ci;
/*!40101 SET character_set_client = @saved_cs_client */;

--
-- Dumping data for table `sessions`
--

LOCK TABLES `sessions` WRITE;
/*!40000 ALTER TABLE `sessions` DISABLE KEYS */;
INSERT INTO `sessions` VALUES (1,'sdmFFZUf3L2MGCMJy0XR2FWVpIIz1_Nb','{\"cookie\":{\"originalMaxAge\":604799990,\"expires\":\"2026-04-24T12:44:47.934Z\",\"secure\":false,\"httpOnly\":true,\"path\":\"/\",\"sameSite\":\"lax\"},\"userId\":1,\"adminId\":1,\"adminRole\":\"superadmin\"}','2026-04-24 12:44:47.934','2026-04-15 09:12:30.161'),(5,'CZE2mqsecuRMxiCwwqnEB5Vjs3Ee5RPj','{\"cookie\":{\"originalMaxAge\":604799999,\"expires\":\"2026-04-24T13:29:48.609Z\",\"secure\":false,\"httpOnly\":true,\"path\":\"/\",\"sameSite\":\"lax\"},\"userId\":1,\"adminId\":1,\"adminRole\":\"superadmin\"}','2026-04-24 13:29:48.609','2026-04-17 12:45:50.148'),(6,'qubCFBXwb6WJpTsiBc2V05xZk3WT6jz2','{\"cookie\":{\"originalMaxAge\":604800000,\"expires\":\"2026-04-24T13:10:58.563Z\",\"secure\":false,\"httpOnly\":true,\"path\":\"/\",\"sameSite\":\"lax\"}}','2026-04-24 13:10:58.563','2026-04-17 13:08:07.247');
/*!40000 ALTER TABLE `sessions` ENABLE KEYS */;
UNLOCK TABLES;
/*!40103 SET TIME_ZONE=@OLD_TIME_ZONE */;

/*!40101 SET SQL_MODE=@OLD_SQL_MODE */;
/*!40014 SET FOREIGN_KEY_CHECKS=@OLD_FOREIGN_KEY_CHECKS */;
/*!40014 SET UNIQUE_CHECKS=@OLD_UNIQUE_CHECKS */;
/*!40101 SET CHARACTER_SET_CLIENT=@OLD_CHARACTER_SET_CLIENT */;
/*!40101 SET CHARACTER_SET_RESULTS=@OLD_CHARACTER_SET_RESULTS */;
/*!40101 SET COLLATION_CONNECTION=@OLD_COLLATION_CONNECTION */;
/*!40111 SET SQL_NOTES=@OLD_SQL_NOTES */;

-- Dump completed on 2026-04-18 18:22:13
-- MySQL dump 10.13  Distrib 8.0.36, for Win64 (x86_64)
--
-- Host: localhost    Database: yogisfarm
-- ------------------------------------------------------
-- Server version	8.4.0

/*!40101 SET @OLD_CHARACTER_SET_CLIENT=@@CHARACTER_SET_CLIENT */;
/*!40101 SET @OLD_CHARACTER_SET_RESULTS=@@CHARACTER_SET_RESULTS */;
/*!40101 SET @OLD_COLLATION_CONNECTION=@@COLLATION_CONNECTION */;
/*!50503 SET NAMES utf8 */;
/*!40103 SET @OLD_TIME_ZONE=@@TIME_ZONE */;
/*!40103 SET TIME_ZONE='+00:00' */;
/*!40014 SET @OLD_UNIQUE_CHECKS=@@UNIQUE_CHECKS, UNIQUE_CHECKS=0 */;
/*!40014 SET @OLD_FOREIGN_KEY_CHECKS=@@FOREIGN_KEY_CHECKS, FOREIGN_KEY_CHECKS=0 */;
/*!40101 SET @OLD_SQL_MODE=@@SQL_MODE, SQL_MODE='NO_AUTO_VALUE_ON_ZERO' */;
/*!40111 SET @OLD_SQL_NOTES=@@SQL_NOTES, SQL_NOTES=0 */;

--
-- Table structure for table `settings`
--

DROP TABLE IF EXISTS `settings`;
/*!40101 SET @saved_cs_client     = @@character_set_client */;
/*!50503 SET character_set_client = utf8mb4 */;
CREATE TABLE `settings` (
  `id` int NOT NULL AUTO_INCREMENT,
  `key` varchar(100) COLLATE utf8mb4_unicode_ci NOT NULL,
  `value` text COLLATE utf8mb4_unicode_ci NOT NULL,
  PRIMARY KEY (`id`),
  UNIQUE KEY `settings_key_key` (`key`)
) ENGINE=InnoDB AUTO_INCREMENT=13 DEFAULT CHARSET=utf8mb4 COLLATE=utf8mb4_unicode_ci;
/*!40101 SET character_set_client = @saved_cs_client */;

--
-- Dumping data for table `settings`
--

LOCK TABLES `settings` WRITE;
/*!40000 ALTER TABLE `settings` DISABLE KEYS */;
INSERT INTO `settings` VALUES (1,'site_name','Yogis Farm'),(2,'site_tagline','Farm Fresh, Direct to You'),(3,'site_email','info@yogisfarm.in'),(4,'site_phone','9119501177'),(5,'site_address','S.No 18, Salkunje Bunglow, Sudardhan Park society, Ingale Nagar, Warje, Pune - 417006'),(6,'site_logo','/uploads/logo.png'),(7,'site_currency','₹'),(8,'site_currency_code','INR'),(9,'site_color','#3BB77E'),(10,'free_shipping_min','500'),(11,'shipping_charge','50'),(12,'gst_number','GST00909098');
/*!40000 ALTER TABLE `settings` ENABLE KEYS */;
UNLOCK TABLES;
/*!40103 SET TIME_ZONE=@OLD_TIME_ZONE */;

/*!40101 SET SQL_MODE=@OLD_SQL_MODE */;
/*!40014 SET FOREIGN_KEY_CHECKS=@OLD_FOREIGN_KEY_CHECKS */;
/*!40014 SET UNIQUE_CHECKS=@OLD_UNIQUE_CHECKS */;
/*!40101 SET CHARACTER_SET_CLIENT=@OLD_CHARACTER_SET_CLIENT */;
/*!40101 SET CHARACTER_SET_RESULTS=@OLD_CHARACTER_SET_RESULTS */;
/*!40101 SET COLLATION_CONNECTION=@OLD_COLLATION_CONNECTION */;
/*!40111 SET SQL_NOTES=@OLD_SQL_NOTES */;

-- Dump completed on 2026-04-18 18:22:13
-- MySQL dump 10.13  Distrib 8.0.36, for Win64 (x86_64)
--
-- Host: localhost    Database: yogisfarm
-- ------------------------------------------------------
-- Server version	8.4.0

/*!40101 SET @OLD_CHARACTER_SET_CLIENT=@@CHARACTER_SET_CLIENT */;
/*!40101 SET @OLD_CHARACTER_SET_RESULTS=@@CHARACTER_SET_RESULTS */;
/*!40101 SET @OLD_COLLATION_CONNECTION=@@COLLATION_CONNECTION */;
/*!50503 SET NAMES utf8 */;
/*!40103 SET @OLD_TIME_ZONE=@@TIME_ZONE */;
/*!40103 SET TIME_ZONE='+00:00' */;
/*!40014 SET @OLD_UNIQUE_CHECKS=@@UNIQUE_CHECKS, UNIQUE_CHECKS=0 */;
/*!40014 SET @OLD_FOREIGN_KEY_CHECKS=@@FOREIGN_KEY_CHECKS, FOREIGN_KEY_CHECKS=0 */;
/*!40101 SET @OLD_SQL_MODE=@@SQL_MODE, SQL_MODE='NO_AUTO_VALUE_ON_ZERO' */;
/*!40111 SET @OLD_SQL_NOTES=@@SQL_NOTES, SQL_NOTES=0 */;

--
-- Table structure for table `shipping`
--

DROP TABLE IF EXISTS `shipping`;
/*!40101 SET @saved_cs_client     = @@character_set_client */;
/*!50503 SET character_set_client = utf8mb4 */;
CREATE TABLE `shipping` (
  `id` int NOT NULL AUTO_INCREMENT,
  `name` varchar(100) COLLATE utf8mb4_unicode_ci NOT NULL,
  `charge` decimal(10,2) NOT NULL,
  `min_cart_value` decimal(10,2) NOT NULL,
  `status` varchar(20) COLLATE utf8mb4_unicode_ci NOT NULL DEFAULT 'active',
  `created_at` datetime(3) NOT NULL DEFAULT CURRENT_TIMESTAMP(3),
  `updated_at` datetime(3) NOT NULL,
  PRIMARY KEY (`id`)
) ENGINE=InnoDB AUTO_INCREMENT=3 DEFAULT CHARSET=utf8mb4 COLLATE=utf8mb4_unicode_ci;
/*!40101 SET character_set_client = @saved_cs_client */;

--
-- Dumping data for table `shipping`
--

LOCK TABLES `shipping` WRITE;
/*!40000 ALTER TABLE `shipping` DISABLE KEYS */;
INSERT INTO `shipping` VALUES (1,'standard shipping charge',50.00,500.00,'active','2026-04-15 13:16:48.029','2026-04-15 13:17:47.998'),(2,'secondary shiping charge outer',100.00,2000.00,'inactive','2026-04-15 13:17:25.453','2026-04-15 13:18:50.969');
/*!40000 ALTER TABLE `shipping` ENABLE KEYS */;
UNLOCK TABLES;
/*!40103 SET TIME_ZONE=@OLD_TIME_ZONE */;

/*!40101 SET SQL_MODE=@OLD_SQL_MODE */;
/*!40014 SET FOREIGN_KEY_CHECKS=@OLD_FOREIGN_KEY_CHECKS */;
/*!40014 SET UNIQUE_CHECKS=@OLD_UNIQUE_CHECKS */;
/*!40101 SET CHARACTER_SET_CLIENT=@OLD_CHARACTER_SET_CLIENT */;
/*!40101 SET CHARACTER_SET_RESULTS=@OLD_CHARACTER_SET_RESULTS */;
/*!40101 SET COLLATION_CONNECTION=@OLD_COLLATION_CONNECTION */;
/*!40111 SET SQL_NOTES=@OLD_SQL_NOTES */;

-- Dump completed on 2026-04-18 18:22:12
-- MySQL dump 10.13  Distrib 8.0.36, for Win64 (x86_64)
--
-- Host: localhost    Database: yogisfarm
-- ------------------------------------------------------
-- Server version	8.4.0

/*!40101 SET @OLD_CHARACTER_SET_CLIENT=@@CHARACTER_SET_CLIENT */;
/*!40101 SET @OLD_CHARACTER_SET_RESULTS=@@CHARACTER_SET_RESULTS */;
/*!40101 SET @OLD_COLLATION_CONNECTION=@@COLLATION_CONNECTION */;
/*!50503 SET NAMES utf8 */;
/*!40103 SET @OLD_TIME_ZONE=@@TIME_ZONE */;
/*!40103 SET TIME_ZONE='+00:00' */;
/*!40014 SET @OLD_UNIQUE_CHECKS=@@UNIQUE_CHECKS, UNIQUE_CHECKS=0 */;
/*!40014 SET @OLD_FOREIGN_KEY_CHECKS=@@FOREIGN_KEY_CHECKS, FOREIGN_KEY_CHECKS=0 */;
/*!40101 SET @OLD_SQL_MODE=@@SQL_MODE, SQL_MODE='NO_AUTO_VALUE_ON_ZERO' */;
/*!40111 SET @OLD_SQL_NOTES=@@SQL_NOTES, SQL_NOTES=0 */;

--
-- Table structure for table `sliders`
--

DROP TABLE IF EXISTS `sliders`;
/*!40101 SET @saved_cs_client     = @@character_set_client */;
/*!50503 SET character_set_client = utf8mb4 */;
CREATE TABLE `sliders` (
  `id` int NOT NULL AUTO_INCREMENT,
  `name` varchar(100) COLLATE utf8mb4_unicode_ci DEFAULT NULL,
  `image` varchar(500) COLLATE utf8mb4_unicode_ci NOT NULL,
  `type` varchar(20) COLLATE utf8mb4_unicode_ci NOT NULL DEFAULT 'web',
  `position` varchar(20) COLLATE utf8mb4_unicode_ci NOT NULL DEFAULT 'main',
  `link_type` varchar(20) COLLATE utf8mb4_unicode_ci DEFAULT NULL,
  `link` varchar(500) COLLATE utf8mb4_unicode_ci DEFAULT NULL,
  `sort_order` int NOT NULL DEFAULT '0',
  `status` varchar(20) COLLATE utf8mb4_unicode_ci NOT NULL DEFAULT 'active',
  `created_at` datetime(3) NOT NULL DEFAULT CURRENT_TIMESTAMP(3),
  `updated_at` datetime(3) NOT NULL,
  PRIMARY KEY (`id`)
) ENGINE=InnoDB AUTO_INCREMENT=14 DEFAULT CHARSET=utf8mb4 COLLATE=utf8mb4_unicode_ci;
/*!40101 SET character_set_client = @saved_cs_client */;

--
-- Dumping data for table `sliders`
--

LOCK TABLES `sliders` WRITE;
/*!40000 ALTER TABLE `sliders` DISABLE KEYS */;
INSERT INTO `sliders` VALUES (5,'main-1','/uploads/main/1775806991162-main-slider--1.jpg','web','main','category','multigrain-atta',0,'active','2026-04-10 07:43:22.682','2026-04-17 12:48:22.494'),(6,'main-2','/uploads/main/1775806991163-main-slider--2.jpg','web','main','','',1,'active','2026-04-10 07:43:32.165','2026-04-17 12:48:11.217'),(7,'top-1','/uploads/top/1775807044048-top-slider-02.jpg','web','top','','',2,'active','2026-04-10 07:44:19.535','2026-04-17 12:48:11.229'),(8,'top-2','/uploads/top/1775807044049-top-sider-1.jpg','web','top','','',3,'active','2026-04-10 07:44:32.916','2026-04-17 12:48:11.239'),(9,'mid-1','/uploads/mid/1775807107859-middle-sider-2.jpg','web','middle','','',4,'active','2026-04-10 07:45:28.173','2026-04-17 12:48:11.248'),(10,'min-2','/uploads/mid/1775807107856-middle-sider-03.jpg','web','middle','','',5,'active','2026-04-10 07:45:41.679','2026-04-17 12:48:11.253'),(11,'mid-3','/uploads/mid/1775807107855-top-slider-02_(1).jpg','web','middle','','',6,'active','2026-04-10 07:45:54.829','2026-04-17 12:48:11.257'),(12,'bottom-1','/uploads/bottom/1775807179222-bottom-slider_(1).jpg','web','bottom','','',7,'active','2026-04-10 07:46:31.069','2026-04-17 12:48:11.262');
/*!40000 ALTER TABLE `sliders` ENABLE KEYS */;
UNLOCK TABLES;
/*!40103 SET TIME_ZONE=@OLD_TIME_ZONE */;

/*!40101 SET SQL_MODE=@OLD_SQL_MODE */;
/*!40014 SET FOREIGN_KEY_CHECKS=@OLD_FOREIGN_KEY_CHECKS */;
/*!40014 SET UNIQUE_CHECKS=@OLD_UNIQUE_CHECKS */;
/*!40101 SET CHARACTER_SET_CLIENT=@OLD_CHARACTER_SET_CLIENT */;
/*!40101 SET CHARACTER_SET_RESULTS=@OLD_CHARACTER_SET_RESULTS */;
/*!40101 SET COLLATION_CONNECTION=@OLD_COLLATION_CONNECTION */;
/*!40111 SET SQL_NOTES=@OLD_SQL_NOTES */;

-- Dump completed on 2026-04-18 18:22:14
-- MySQL dump 10.13  Distrib 8.0.36, for Win64 (x86_64)
--
-- Host: localhost    Database: yogisfarm
-- ------------------------------------------------------
-- Server version	8.4.0

/*!40101 SET @OLD_CHARACTER_SET_CLIENT=@@CHARACTER_SET_CLIENT */;
/*!40101 SET @OLD_CHARACTER_SET_RESULTS=@@CHARACTER_SET_RESULTS */;
/*!40101 SET @OLD_COLLATION_CONNECTION=@@COLLATION_CONNECTION */;
/*!50503 SET NAMES utf8 */;
/*!40103 SET @OLD_TIME_ZONE=@@TIME_ZONE */;
/*!40103 SET TIME_ZONE='+00:00' */;
/*!40014 SET @OLD_UNIQUE_CHECKS=@@UNIQUE_CHECKS, UNIQUE_CHECKS=0 */;
/*!40014 SET @OLD_FOREIGN_KEY_CHECKS=@@FOREIGN_KEY_CHECKS, FOREIGN_KEY_CHECKS=0 */;
/*!40101 SET @OLD_SQL_MODE=@@SQL_MODE, SQL_MODE='NO_AUTO_VALUE_ON_ZERO' */;
/*!40111 SET @OLD_SQL_NOTES=@@SQL_NOTES, SQL_NOTES=0 */;

--
-- Table structure for table `taxes`
--

DROP TABLE IF EXISTS `taxes`;
/*!40101 SET @saved_cs_client     = @@character_set_client */;
/*!50503 SET character_set_client = utf8mb4 */;
CREATE TABLE `taxes` (
  `id` int NOT NULL AUTO_INCREMENT,
  `name` varchar(100) COLLATE utf8mb4_unicode_ci NOT NULL,
  `tax` decimal(5,2) NOT NULL DEFAULT '0.00',
  `status` varchar(20) COLLATE utf8mb4_unicode_ci NOT NULL DEFAULT 'active',
  `created_at` datetime(3) NOT NULL DEFAULT CURRENT_TIMESTAMP(3),
  `updated_at` datetime(3) NOT NULL,
  PRIMARY KEY (`id`)
) ENGINE=InnoDB AUTO_INCREMENT=6 DEFAULT CHARSET=utf8mb4 COLLATE=utf8mb4_unicode_ci;
/*!40101 SET character_set_client = @saved_cs_client */;

--
-- Dumping data for table `taxes`
--

LOCK TABLES `taxes` WRITE;
/*!40000 ALTER TABLE `taxes` DISABLE KEYS */;
INSERT INTO `taxes` VALUES (4,'GST',18.00,'active','2026-04-15 12:06:38.358','2026-04-15 12:06:38.358');
/*!40000 ALTER TABLE `taxes` ENABLE KEYS */;
UNLOCK TABLES;
/*!40103 SET TIME_ZONE=@OLD_TIME_ZONE */;

/*!40101 SET SQL_MODE=@OLD_SQL_MODE */;
/*!40014 SET FOREIGN_KEY_CHECKS=@OLD_FOREIGN_KEY_CHECKS */;
/*!40014 SET UNIQUE_CHECKS=@OLD_UNIQUE_CHECKS */;
/*!40101 SET CHARACTER_SET_CLIENT=@OLD_CHARACTER_SET_CLIENT */;
/*!40101 SET CHARACTER_SET_RESULTS=@OLD_CHARACTER_SET_RESULTS */;
/*!40101 SET COLLATION_CONNECTION=@OLD_COLLATION_CONNECTION */;
/*!40111 SET SQL_NOTES=@OLD_SQL_NOTES */;

-- Dump completed on 2026-04-18 18:22:13
-- MySQL dump 10.13  Distrib 8.0.36, for Win64 (x86_64)
--
-- Host: localhost    Database: yogisfarm
-- ------------------------------------------------------
-- Server version	8.4.0

/*!40101 SET @OLD_CHARACTER_SET_CLIENT=@@CHARACTER_SET_CLIENT */;
/*!40101 SET @OLD_CHARACTER_SET_RESULTS=@@CHARACTER_SET_RESULTS */;
/*!40101 SET @OLD_COLLATION_CONNECTION=@@COLLATION_CONNECTION */;
/*!50503 SET NAMES utf8 */;
/*!40103 SET @OLD_TIME_ZONE=@@TIME_ZONE */;
/*!40103 SET TIME_ZONE='+00:00' */;
/*!40014 SET @OLD_UNIQUE_CHECKS=@@UNIQUE_CHECKS, UNIQUE_CHECKS=0 */;
/*!40014 SET @OLD_FOREIGN_KEY_CHECKS=@@FOREIGN_KEY_CHECKS, FOREIGN_KEY_CHECKS=0 */;
/*!40101 SET @OLD_SQL_MODE=@@SQL_MODE, SQL_MODE='NO_AUTO_VALUE_ON_ZERO' */;
/*!40111 SET @OLD_SQL_NOTES=@@SQL_NOTES, SQL_NOTES=0 */;

--
-- Table structure for table `users`
--

DROP TABLE IF EXISTS `users`;
/*!40101 SET @saved_cs_client     = @@character_set_client */;
/*!50503 SET character_set_client = utf8mb4 */;
CREATE TABLE `users` (
  `id` int NOT NULL AUTO_INCREMENT,
  `name` varchar(100) COLLATE utf8mb4_unicode_ci DEFAULT NULL,
  `email` varchar(150) COLLATE utf8mb4_unicode_ci DEFAULT NULL,
  `phone` varchar(15) COLLATE utf8mb4_unicode_ci NOT NULL,
  `otp` varchar(10) COLLATE utf8mb4_unicode_ci DEFAULT NULL,
  `otp_expiry` datetime(3) DEFAULT NULL,
  `created_at` datetime(3) NOT NULL DEFAULT CURRENT_TIMESTAMP(3),
  `updated_at` datetime(3) NOT NULL,
  PRIMARY KEY (`id`),
  UNIQUE KEY `users_phone_key` (`phone`)
) ENGINE=InnoDB AUTO_INCREMENT=5 DEFAULT CHARSET=utf8mb4 COLLATE=utf8mb4_unicode_ci;
/*!40101 SET character_set_client = @saved_cs_client */;

--
-- Dumping data for table `users`
--

LOCK TABLES `users` WRITE;
/*!40000 ALTER TABLE `users` DISABLE KEYS */;
INSERT INTO `users` VALUES (1,'Omkar Joshi','omprjoshi8@gmail.com','8208081346',NULL,NULL,'2026-04-11 09:04:17.921','2026-04-17 12:45:50.127'),(2,NULL,NULL,'7385633062','123456','2026-04-13 10:03:33.811','2026-04-13 09:58:33.823','2026-04-13 09:58:33.823'),(3,'Test User','test@example.com','1234567890',NULL,NULL,'2026-04-14 09:26:37.167','2026-04-14 09:27:51.269'),(4,NULL,NULL,'1884567890',NULL,NULL,'2026-04-14 11:12:59.078','2026-04-14 11:13:04.210');
/*!40000 ALTER TABLE `users` ENABLE KEYS */;
UNLOCK TABLES;
/*!40103 SET TIME_ZONE=@OLD_TIME_ZONE */;

/*!40101 SET SQL_MODE=@OLD_SQL_MODE */;
/*!40014 SET FOREIGN_KEY_CHECKS=@OLD_FOREIGN_KEY_CHECKS */;
/*!40014 SET UNIQUE_CHECKS=@OLD_UNIQUE_CHECKS */;
/*!40101 SET CHARACTER_SET_CLIENT=@OLD_CHARACTER_SET_CLIENT */;
/*!40101 SET CHARACTER_SET_RESULTS=@OLD_CHARACTER_SET_RESULTS */;
/*!40101 SET COLLATION_CONNECTION=@OLD_COLLATION_CONNECTION */;
/*!40111 SET SQL_NOTES=@OLD_SQL_NOTES */;

-- Dump completed on 2026-04-18 18:22:12
-- MySQL dump 10.13  Distrib 8.0.36, for Win64 (x86_64)
--
-- Host: localhost    Database: yogisfarm
-- ------------------------------------------------------
-- Server version	8.4.0

/*!40101 SET @OLD_CHARACTER_SET_CLIENT=@@CHARACTER_SET_CLIENT */;
/*!40101 SET @OLD_CHARACTER_SET_RESULTS=@@CHARACTER_SET_RESULTS */;
/*!40101 SET @OLD_COLLATION_CONNECTION=@@COLLATION_CONNECTION */;
/*!50503 SET NAMES utf8 */;
/*!40103 SET @OLD_TIME_ZONE=@@TIME_ZONE */;
/*!40103 SET TIME_ZONE='+00:00' */;
/*!40014 SET @OLD_UNIQUE_CHECKS=@@UNIQUE_CHECKS, UNIQUE_CHECKS=0 */;
/*!40014 SET @OLD_FOREIGN_KEY_CHECKS=@@FOREIGN_KEY_CHECKS, FOREIGN_KEY_CHECKS=0 */;
/*!40101 SET @OLD_SQL_MODE=@@SQL_MODE, SQL_MODE='NO_AUTO_VALUE_ON_ZERO' */;
/*!40111 SET @OLD_SQL_NOTES=@@SQL_NOTES, SQL_NOTES=0 */;

--
-- Table structure for table `wishlist`
--

DROP TABLE IF EXISTS `wishlist`;
/*!40101 SET @saved_cs_client     = @@character_set_client */;
/*!50503 SET character_set_client = utf8mb4 */;
CREATE TABLE `wishlist` (
  `id` int NOT NULL AUTO_INCREMENT,
  `user_id` int NOT NULL,
  `product_id` int NOT NULL,
  `created_at` datetime(3) NOT NULL DEFAULT CURRENT_TIMESTAMP(3),
  PRIMARY KEY (`id`),
  UNIQUE KEY `wishlist_user_id_product_id_key` (`user_id`,`product_id`),
  KEY `wishlist_product_id_fkey` (`product_id`),
  CONSTRAINT `wishlist_product_id_fkey` FOREIGN KEY (`product_id`) REFERENCES `products` (`id`) ON DELETE CASCADE ON UPDATE CASCADE,
  CONSTRAINT `wishlist_user_id_fkey` FOREIGN KEY (`user_id`) REFERENCES `users` (`id`) ON DELETE CASCADE ON UPDATE CASCADE
) ENGINE=InnoDB AUTO_INCREMENT=8 DEFAULT CHARSET=utf8mb4 COLLATE=utf8mb4_unicode_ci;
/*!40101 SET character_set_client = @saved_cs_client */;

--
-- Dumping data for table `wishlist`
--

LOCK TABLES `wishlist` WRITE;
/*!40000 ALTER TABLE `wishlist` DISABLE KEYS */;
INSERT INTO `wishlist` VALUES (6,1,7,'2026-04-15 09:22:07.062'),(7,1,8,'2026-04-17 06:24:29.437');
/*!40000 ALTER TABLE `wishlist` ENABLE KEYS */;
UNLOCK TABLES;
/*!40103 SET TIME_ZONE=@OLD_TIME_ZONE */;

/*!40101 SET SQL_MODE=@OLD_SQL_MODE */;
/*!40014 SET FOREIGN_KEY_CHECKS=@OLD_FOREIGN_KEY_CHECKS */;
/*!40014 SET UNIQUE_CHECKS=@OLD_UNIQUE_CHECKS */;
/*!40101 SET CHARACTER_SET_CLIENT=@OLD_CHARACTER_SET_CLIENT */;
/*!40101 SET CHARACTER_SET_RESULTS=@OLD_CHARACTER_SET_RESULTS */;
/*!40101 SET COLLATION_CONNECTION=@OLD_COLLATION_CONNECTION */;
/*!40111 SET SQL_NOTES=@OLD_SQL_NOTES */;

-- Dump completed on 2026-04-18 18:22:14
